-- MySQL dump 10.17  Distrib 10.3.18-MariaDB, for debian-linux-gnu (x86_64)
--
-- Host: localhost    Database: dc_general
-- ------------------------------------------------------
-- Server version	10.3.18-MariaDB-0+deb10u1

/*!40101 SET @OLD_CHARACTER_SET_CLIENT=@@CHARACTER_SET_CLIENT */;
/*!40101 SET @OLD_CHARACTER_SET_RESULTS=@@CHARACTER_SET_RESULTS */;
/*!40101 SET @OLD_COLLATION_CONNECTION=@@COLLATION_CONNECTION */;
/*!40101 SET NAMES utf8mb4 */;
/*!40103 SET @OLD_TIME_ZONE=@@TIME_ZONE */;
/*!40103 SET TIME_ZONE='+00:00' */;
/*!40014 SET @OLD_UNIQUE_CHECKS=@@UNIQUE_CHECKS, UNIQUE_CHECKS=0 */;
/*!40014 SET @OLD_FOREIGN_KEY_CHECKS=@@FOREIGN_KEY_CHECKS, FOREIGN_KEY_CHECKS=0 */;
/*!40101 SET @OLD_SQL_MODE=@@SQL_MODE, SQL_MODE='NO_AUTO_VALUE_ON_ZERO' */;
/*!40111 SET @OLD_SQL_NOTES=@@SQL_NOTES, SQL_NOTES=0 */;

--
-- Table structure for table `examination`
--

DROP TABLE IF EXISTS `examination`;
/*!40101 SET @saved_cs_client     = @@character_set_client */;
/*!40101 SET character_set_client = utf8 */;
CREATE TABLE `examination` (
  `examination_id` int(11) NOT NULL AUTO_INCREMENT,
  `name` varchar(50) COLLATE utf8_bin NOT NULL,
  `description` varchar(300) COLLATE utf8_bin DEFAULT NULL,
  `edit_specification` varchar(1000) COLLATE utf8_bin NOT NULL,
  PRIMARY KEY (`examination_id`)
) ENGINE=InnoDB AUTO_INCREMENT=100002 DEFAULT CHARSET=utf8 COLLATE=utf8_bin;
/*!40101 SET character_set_client = @saved_cs_client */;

--
-- Dumping data for table `examination`
--

LOCK TABLES `examination` WRITE;
/*!40000 ALTER TABLE `examination` DISABLE KEYS */;
INSERT INTO `examination` VALUES (1,'mrd','None','{\"type\":\"text\",\"help\":\"Describe\"}'),(2,'Yearly S. No','None','{\"type\":\"text\",\"help\":\"Describe\"}'),(3,'Monthly S. No','None','{\"type\":\"text\",\"help\":\"Describe\"}'),(4,'Emamta No.','None','{\"type\":\"text\",\"help\":\"Describe\"}'),(5,'Name','None','{\"type\":\"text\",\"help\":\"Describe\"}'),(6,'Age','None','{\"type\":\"text\",\"help\":\"Describe\"}'),(7,'Husband\'s/Father\'s/Guardians Name','None','{\"type\":\"text\",\"help\":\"Describe\"}'),(8,'Address& Contact No. (Mobile No)','None','{\"type\":\"text\",\"help\":\"Describe\"}'),(9,'Registered at NCHS/Referred/Emergency','None','{\"type\":\"text\",\"help\":\"Describe\"}'),(10,'Referred (Yes/No; if Ýes\'then details of referred ','None','{\"type\":\"text\",\"help\":\"Describe\"}'),(11,'Reason for referral','None','{\"type\":\"text\",\"help\":\"Describe\"}'),(12,'LMP','None','{\"type\":\"text\",\"help\":\"Describe\"}'),(13,'Duration of pains','None','{\"type\":\"text\",\"help\":\"Describe\"}'),(14,'Bleeding P/V ( Yes/No)','None','{\"type\":\"text\",\"help\":\"Describe\"}'),(15,'Leaking P/V ( Yes/No, if yes...hrs)','None','{\"type\":\"text\",\"help\":\"Describe\"}'),(16,'Fever ( Yes/No)','None','{\"type\":\"text\",\"help\":\"Describe\"}'),(17,'Gravida/Parity/Abortion/Living Children(GPLA)','None','{\"type\":\"text\",\"help\":\"Describe\"}'),(18,'Previous LSCS (Yes/No)','None','{\"type\":\"text\",\"help\":\"Describe\"}'),(19,'Other previous complications (Yes/No; if Yes\'then ','None','{\"type\":\"text\",\"help\":\"Describe\"}'),(20,'Significant past history ( Sx/BT/Ht/DM/Thyroid/Oth','None','{\"type\":\"text\",\"help\":\"Describe\"}'),(21,'Significant family history','None','{\"type\":\"text\",\"help\":\"Describe\"}'),(22,'Date','None','{\"type\":\"text\",\"help\":\"Describe\"}'),(23,'Time','None','{\"type\":\"text\",\"help\":\"Describe\"}'),(24,'Direct in Labour (Yes/No)','None','{\"type\":\"text\",\"help\":\"Describe\"}'),(25,'Gestational age (by LMP)','None','{\"type\":\"text\",\"help\":\"Describe\"}'),(26,'Gestational age (by USG)','None','{\"type\":\"text\",\"help\":\"Describe\"}'),(27,'BP','None','{\"type\":\"text\",\"help\":\"Describe\"}'),(28,'Temp','None','{\"type\":\"text\",\"help\":\"Describe\"}'),(29,'FH','None','{\"type\":\"text\",\"help\":\"Describe\"}'),(30,'Presentation','None','{\"type\":\"text\",\"help\":\"Describe\"}'),(31,'Contractions','None','{\"type\":\"text\",\"help\":\"Describe\"}'),(32,'FHR','None','{\"type\":\"text\",\"help\":\"Describe\"}'),(33,'Cervical dilatation','None','{\"type\":\"text\",\"help\":\"Describe\"}'),(34,'Station','None','{\"type\":\"text\",\"help\":\"Describe\"}'),(35,'Membranes','None','{\"type\":\"text\",\"help\":\"Describe\"}'),(36,'Liquor','None','{\"type\":\"text\",\"help\":\"Describe\"}'),(37,'Pelvis','None','{\"type\":\"text\",\"help\":\"Describe\"}'),(38,'Proteinuria','None','{\"type\":\"text\",\"help\":\"Describe\"}'),(39,'Hg gms%','None','{\"type\":\"text\",\"help\":\"Describe\"}'),(40,'Blood Group','None','{\"type\":\"text\",\"help\":\"Describe\"}'),(41,'HIV','None','{\"type\":\"text\",\"help\":\"Describe\"}'),(42,'Platelet count','None','{\"type\":\"text\",\"help\":\"Describe\"}'),(43,'TLC','None','{\"type\":\"text\",\"help\":\"Describe\"}'),(44,'Syphilis','None','{\"type\":\"text\",\"help\":\"Describe\"}'),(45,'Sickle cell disease','None','{\"type\":\"text\",\"help\":\"Describe\"}'),(46,'Hep B','None','{\"type\":\"text\",\"help\":\"Describe\"}'),(47,'Urine albumin','None','{\"type\":\"text\",\"help\":\"Describe\"}'),(48,'Urine sugar','None','{\"type\":\"text\",\"help\":\"Describe\"}'),(49,'USG- Placenta','None','{\"type\":\"text\",\"help\":\"Describe\"}'),(50,'USG- AFI','None','{\"type\":\"text\",\"help\":\"Describe\"}'),(51,'Any other investigations','None','{\"type\":\"text\",\"help\":\"Describe\"}'),(52,'Any other investigations','None','{\"type\":\"text\",\"help\":\"Describe\"}'),(53,'Any other investigations','None','{\"type\":\"text\",\"help\":\"Describe\"}'),(54,'Identified as High Risk Pregnancy (Yes/No; if Ýes\'','None','{\"type\":\"text\",\"help\":\"Describe\"}'),(55,'Partograph filled (Yes/No)','None','{\"type\":\"text\",\"help\":\"Describe\"}'),(56,'Induced (Yes/No)','None','{\"type\":\"text\",\"help\":\"Describe\"}'),(57,'Reason for induction ','None','{\"type\":\"text\",\"help\":\"Describe\"}'),(58,'Mechanism of induction','None','{\"type\":\"text\",\"help\":\"Describe\"}'),(59,'Augmented (Yes/No)','None','{\"type\":\"text\",\"help\":\"Describe\"}'),(60,'Mechanism of augmentation','None','{\"type\":\"text\",\"help\":\"Describe\"}'),(61,'Inj Betamethasone','None','{\"type\":\"text\",\"help\":\"Describe\"}'),(62,'Inj. Magnesium Sulfate (Yes/No)','None','{\"type\":\"text\",\"help\":\"Describe\"}'),(63,'AMTSL (Yes/No)','None','{\"type\":\"text\",\"help\":\"Describe\"}'),(64,'Oxytocin IM (Yes/No; if \'No\'then specify any other','None','{\"type\":\"text\",\"help\":\"Describe\"}'),(65,'PCC/Delayed cord clamping (1-2 min (Yes/No)','None','{\"type\":\"text\",\"help\":\"Describe\"}'),(66,'Alternate Birthing position ( Yes/N0)','None','{\"type\":\"text\",\"help\":\"Describe\"}'),(67,'Type of ABP','None','{\"type\":\"text\",\"help\":\"Describe\"}'),(68,'Antibiotics (Yes/No)','None','{\"type\":\"text\",\"help\":\"Describe\"}'),(69,'Blood Transfusion (Yes/No)','None','{\"type\":\"text\",\"help\":\"Describe\"}'),(70,'IPPIUCD/ICIUCD/PPIUCD','None','{\"type\":\"text\",\"help\":\"Describe\"}'),(71,'Date of delivery','None','{\"type\":\"text\",\"help\":\"Describe\"}'),(72,'Time of delivery','None','{\"type\":\"text\",\"help\":\"Describe\"}'),(73,'Name and relation of Mamta Sakhi','None','{\"type\":\"text\",\"help\":\"Describe\"}'),(74,'Type of delivery (Normal/Assisted Delivery (Instru','None','{\"type\":\"text\",\"help\":\"Describe\"}'),(75,'Conducted by','None','{\"type\":\"text\",\"help\":\"Describe\"}'),(76,'','None','{\"type\":\"text\",\"help\":\"Describe\"}'),(77,'OG unit conducting delivery','None','{\"type\":\"text\",\"help\":\"Describe\"}'),(78,'Episiotomy (Yes/No)','None','{\"type\":\"text\",\"help\":\"Describe\"}'),(79,'Perineal tear (Yes/No)','None','{\"type\":\"text\",\"help\":\"Describe\"}'),(80,'Delivery outcome Mother (Alive/Maternal Death)','None','{\"type\":\"text\",\"help\":\"Describe\"}'),(81,'Pre-CS abdominal findings','None','{\"type\":\"text\",\"help\":\"Describe\"}'),(82,'Pre-CS P/V findings','None','{\"type\":\"text\",\"help\":\"Describe\"}'),(83,'if Caesarean, Specify indications','None','{\"type\":\"text\",\"help\":\"Describe\"}'),(84,'Type  of CS ( Elective/ Emergency)','None','{\"type\":\"text\",\"help\":\"Describe\"}'),(85,'Skin incision','None','{\"type\":\"text\",\"help\":\"Describe\"}'),(86,'Lower segment state','None','{\"type\":\"text\",\"help\":\"Describe\"}'),(87,'Placental site','None','{\"type\":\"text\",\"help\":\"Describe\"}'),(88,'Liquor quantity and type','None','{\"type\":\"text\",\"help\":\"Describe\"}'),(89,'Baby delivery technique','None','{\"type\":\"text\",\"help\":\"Describe\"}'),(90,'Uterine closure- stitches and suture','None','{\"type\":\"text\",\"help\":\"Describe\"}'),(91,'Sheath stitches and suture','None','{\"type\":\"text\",\"help\":\"Describe\"}'),(92,'Subcutaneous fat sutured ( Yes/No)','None','{\"type\":\"text\",\"help\":\"Describe\"}'),(93,'Skin suture type/Suture','None','{\"type\":\"text\",\"help\":\"Describe\"}'),(94,'Single/ Multiple','None','{\"type\":\"text\",\"help\":\"Describe\"}'),(95,'Term (Full term/preterm/post term)','None','{\"type\":\"text\",\"help\":\"Describe\"}'),(96,'Alive/Fresh Stillbirth/Macerated Stillbirth/ Newbo','None','{\"type\":\"text\",\"help\":\"Describe\"}'),(97,'Identification No.','None','{\"type\":\"text\",\"help\":\"Describe\"}'),(98,'Sex (Male/Female/Other)','None','{\"type\":\"text\",\"help\":\"Describe\"}'),(99,'Weight (kgs)','None','{\"type\":\"text\",\"help\":\"Describe\"}'),(100,'**Resuscitation required (Yes/No)','None','{\"type\":\"text\",\"help\":\"Describe\"}'),(101,'Breast Crawl (Yes/No)','None','{\"type\":\"text\",\"help\":\"Describe\"}'),(102,'Breast feed within 1 hours (Yes/No; if \'No\'then me','None','{\"type\":\"text\",\"help\":\"Describe\"}'),(103,'Vitamin K1 given (Yes/No)','None','{\"type\":\"text\",\"help\":\"Describe\"}'),(104,'Mother Complication','APH;PPH;Pre-Eclampsia;Eclampsia;Sepsis,Obs.labour;Prolonged labour;Others(Specify)','{\"type\":\"text\",\"help\":\"Describe\"}'),(105,'Baby Complication','Sepsis;Asphyxia;LBW;Pre Maturity; Others (Specify)','{\"type\":\"text\",\"help\":\"Describe\"}'),(106,'Mother Referral Reason','None','{\"type\":\"text\",\"help\":\"Describe\"}'),(107,'Mother Referred to','None','{\"type\":\"text\",\"help\":\"Describe\"}'),(108,'Baby Referral reason','None','{\"type\":\"text\",\"help\":\"Describe\"}'),(109,'Baby Referred to','None','{\"type\":\"text\",\"help\":\"Describe\"}'),(110,'Repeat investigations, if any','None','{\"type\":\"text\",\"help\":\"Describe\"}'),(111,'Parenteral Iron ( Yes/No)','None','{\"type\":\"text\",\"help\":\"Describe\"}'),(112,'Date & Time of discharge','None','{\"type\":\"text\",\"help\":\"Describe\"}'),(113,'Vitals','None','{\"type\":\"text\",\"help\":\"Describe\"}'),(114,'Breasts','None','{\"type\":\"text\",\"help\":\"Describe\"}'),(115,'Per abdomen','None','{\"type\":\"text\",\"help\":\"Describe\"}'),(116,'Bleeding PV (Yes/No)','None','{\"type\":\"text\",\"help\":\"Describe\"}'),(117,'Temp','None','{\"type\":\"text\",\"help\":\"Describe\"}'),(118,'Feeding (Yes/No)','None','{\"type\":\"text\",\"help\":\"Describe\"}'),(119,'General condition','None','{\"type\":\"text\",\"help\":\"Describe\"}'),(120,'EDD',NULL,'');
/*!40000 ALTER TABLE `examination` ENABLE KEYS */;
UNLOCK TABLES;

--
-- Table structure for table `examination-old`
--

DROP TABLE IF EXISTS `examination-old`;
/*!40101 SET @saved_cs_client     = @@character_set_client */;
/*!40101 SET character_set_client = utf8 */;
CREATE TABLE `examination-old` (
  `examination_id` int(11) NOT NULL AUTO_INCREMENT,
  `name` varchar(50) COLLATE utf8_bin NOT NULL,
  `description` varchar(300) COLLATE utf8_bin DEFAULT NULL,
  `edit_specification` varchar(1000) COLLATE utf8_bin NOT NULL,
  PRIMARY KEY (`examination_id`)
) ENGINE=InnoDB AUTO_INCREMENT=100002 DEFAULT CHARSET=utf8 COLLATE=utf8_bin;
/*!40101 SET character_set_client = @saved_cs_client */;

--
-- Dumping data for table `examination-old`
--

LOCK TABLES `examination-old` WRITE;
/*!40000 ALTER TABLE `examination-old` DISABLE KEYS */;
INSERT INTO `examination-old` VALUES (1,'mrd',NULL,''),(2,'LMP',NULL,'{\"type\":\"date\",\"help\":\"Last Menstrual Period\"}'),(3,'EDD','','{\"type\":\"date\",\"help\":\"Expected Date of Delivery\"}'),(4,'Parity','','{\"type\":\"number\",\"help\":\"0=nulli 1=primi 2=multi\"}'),(5,'Abortion',NULL,'{\"type\":\"number\",\"help\":\"give number\"}'),(6,'Living_Children',NULL,'{\"type\":\"number\",\"help\":\"give number\"}'),(7,'Previous_LSCS','','{\"type\":\"number\",\"help\":\"give number\"}'),(8,'Other_Previous_Complications',NULL,'{\"type\":\"text\",\"help\":\"Describe\"}'),(12,'direct_in_labor',NULL,'{\"type\":\"yesno\",\"help\":\"Click\"}'),(13,'Gestational_age_wks',NULL,'{\"type\":\"number\",\"help\":\"In weeks\"}'),(14,'Systolic_BP',NULL,'{\"type\":\"number\",\"help\":\"mm Hg\"}'),(15,'Diastolic_BP',NULL,'{\"type\":\"number\",\"help\":\"mm Hg\"}'),(16,'Temperature_F',NULL,'{\"type\":\"number\",\"help\":\"in Fahrenheit\"}'),(17,'Proteinuria','','{\"type\":\"number\",\"help\":\"write 1 if 1+, 2 if 2+ ..\"}'),(18,'Hb',NULL,'{\"type\":\"number\",\"help\":\"gm%\",\"step\":\"0.1\"}'),(19,'Blood_Group(ABO)','','{\"type\":\"select\",\"help\":\"Select ABO group\",\"option\":\",A,B,O\"}'),(20,'Blood_Group(Rh)',NULL,'{\"type\":\"select\",\"help\":\"Select Rh group\",\"option\":\",+ve,-ve\"}'),(21,'HIV',NULL,'{\"type\":\"yesno\",\"help\":\"+ve=yes -ve=no\"}'),(22,'Syphilis',NULL,'{\"type\":\"yesno\",\"help\":\"+ve=yes -ve=no\"}'),(23,'Malaria',NULL,'{\"type\":\"yesno\",\"help\":\"+ve=yes -ve=no\"}'),(24,'Hepatitis_B',NULL,'{\"type\":\"yesno\",\"help\":\"+ve=yes -ve=no\"}'),(25,'Hepatitis_C',NULL,'{\"type\":\"yesno\",\"help\":\"+ve=yes -ve=no\"}'),(26,'Referred_from',NULL,'{\"type\":\"text\",\"help\":\"Give details of center\"}'),(27,'High_Risk',NULL,'{\"type\":\"yesno\"}'),(29,'Year_SN',NULL,'{\"type\":\"number\",\"help\":\"Serial number\",\"step\":\"1\"}'),(30,'Month_SN',NULL,'{\"type\":\"number\",\"help\":\"Serial number\",\"step\":\"1\"}'),(31,'Date_of_Reg',NULL,'{\"type\":\"date\",\"help\":\"Registration Date\"}'),(32,'MCTS_No',NULL,''),(33,'Name',NULL,''),(34,'Husband_Name',NULL,''),(35,'Father_Name',NULL,''),(36,'DOB',NULL,'{\"type\":\"date\",\"help\":\"Birth Date\"}'),(37,'Age',NULL,'{\"type\":\"number\",\"help\":\"age in years\",\"step\":\"1\"}'),(38,'Address',NULL,''),(39,'Mobile',NULL,'{\"type\":\"number\",\"help\":\"10 digit\",\"step\":\"1\"}'),(40,'BPL_MBS',NULL,''),(41,'Aadhar',NULL,'{\"type\":\"number\",\"help\":\"12 digit\",\"step\":\"1\"}'),(42,'Bank_Name',NULL,''),(43,'Bank_Account_Number',NULL,'{\"type\":\"number\",\"help\":\"Full number\",\"step\":\"1\"}'),(44,'ASHA_Name',NULL,''),(45,'ASHA_Mobile',NULL,'{\"type\":\"number\",\"help\":\"10 digit\",\"step\":\"1\"}'),(100001,'photo',NULL,'');
/*!40000 ALTER TABLE `examination-old` ENABLE KEYS */;
UNLOCK TABLES;

--
-- Table structure for table `profile`
--

DROP TABLE IF EXISTS `profile`;
/*!40101 SET @saved_cs_client     = @@character_set_client */;
/*!40101 SET character_set_client = utf8 */;
CREATE TABLE `profile` (
  `profile_id` int(11) NOT NULL,
  `name` varchar(50) NOT NULL,
  `examination_id_list` varchar(500) NOT NULL,
  PRIMARY KEY (`profile_id`)
) ENGINE=InnoDB DEFAULT CHARSET=utf8mb4;
/*!40101 SET character_set_client = @saved_cs_client */;

--
-- Dumping data for table `profile`
--

LOCK TABLES `profile` WRITE;
/*!40000 ALTER TABLE `profile` DISABLE KEYS */;
INSERT INTO `profile` VALUES (1,'Client_Detail(OG)','2,3,4,5,6,7,8,9,10,11'),(2,'History(OG)','12,13,14,15,16,17,18,19,20,21,120'),(3,'Admission_Details(OG)','22,23,24,25,26,27,28,29,30,31,32,33,34,35,36,37,38,39,40,41,42,43,44,45,46,47,48,49,50,51,52,53,54'),(4,'Delivery Intervention(OG)','55,56,57,58,59,60,61,62,63,64,65,66,67,68,69,70'),(5,'Details_of_Delivery(OG)','71,72,73,74,75,76,77,78,79,80,81,82,83,84,85,86,87,88,89,90,91,92,93,104,106,107'),(6,'Information_Baby(OG)','94,95,96,97,98,99,100,101,102,103,105,108,109'),(7,'Mother_Condition_at_Discharge(OG)','110,111,112,113,114,115,116'),(8,'Baby_Condition_at_Discharge(OG)','117,118,119');
/*!40000 ALTER TABLE `profile` ENABLE KEYS */;
UNLOCK TABLES;

--
-- Table structure for table `report`
--

DROP TABLE IF EXISTS `report`;
/*!40101 SET @saved_cs_client     = @@character_set_client */;
/*!40101 SET character_set_client = utf8 */;
CREATE TABLE `report` (
  `id` int(11) NOT NULL AUTO_INCREMENT,
  `specification` varchar(2000) DEFAULT NULL,
  PRIMARY KEY (`id`)
) ENGINE=InnoDB DEFAULT CHARSET=utf8mb4;
/*!40101 SET character_set_client = @saved_cs_client */;

--
-- Dumping data for table `report`
--

LOCK TABLES `report` WRITE;
/*!40000 ALTER TABLE `report` DISABLE KEYS */;
/*!40000 ALTER TABLE `report` ENABLE KEYS */;
UNLOCK TABLES;

--
-- Table structure for table `result`
--

DROP TABLE IF EXISTS `result`;
/*!40101 SET @saved_cs_client     = @@character_set_client */;
/*!40101 SET character_set_client = utf8 */;
CREATE TABLE `result` (
  `sample_id` bigint(20) NOT NULL,
  `examination_id` int(11) NOT NULL,
  `result` varchar(5000) DEFAULT NULL,
  `recording_time` datetime DEFAULT NULL,
  `recorded_by` int(11) DEFAULT NULL,
  PRIMARY KEY (`sample_id`,`examination_id`),
  KEY `examination_id` (`examination_id`),
  KEY `recorded_by` (`recorded_by`),
  CONSTRAINT `result_ibfk_2` FOREIGN KEY (`recorded_by`) REFERENCES `user` (`user`),
  CONSTRAINT `result_ibfk_4` FOREIGN KEY (`examination_id`) REFERENCES `examination` (`examination_id`)
) ENGINE=InnoDB DEFAULT CHARSET=utf8mb4 ROW_FORMAT=COMPACT;
/*!40101 SET character_set_client = @saved_cs_client */;

--
-- Dumping data for table `result`
--

LOCK TABLES `result` WRITE;
/*!40000 ALTER TABLE `result` DISABLE KEYS */;
INSERT INTO `result` VALUES (1,1,'SUR/19/56785678','2019-12-25 19:11:40',1),(1,2,NULL,NULL,NULL),(1,3,NULL,NULL,NULL),(1,4,NULL,NULL,NULL),(1,5,NULL,NULL,NULL),(1,6,NULL,NULL,NULL),(1,7,NULL,NULL,NULL),(1,8,NULL,NULL,NULL),(1,9,NULL,NULL,NULL),(1,10,NULL,NULL,NULL),(1,11,NULL,NULL,NULL),(1,12,NULL,NULL,NULL),(1,13,NULL,NULL,NULL),(1,14,NULL,NULL,NULL),(1,15,NULL,NULL,NULL),(1,16,NULL,NULL,NULL),(1,17,NULL,NULL,NULL),(1,18,NULL,NULL,NULL),(1,19,NULL,NULL,NULL),(1,20,NULL,NULL,NULL),(1,21,NULL,NULL,NULL),(1,110,NULL,NULL,NULL),(1,111,NULL,NULL,NULL),(1,112,NULL,NULL,NULL),(1,113,NULL,NULL,NULL),(1,114,NULL,NULL,NULL),(1,115,NULL,NULL,NULL),(1,116,NULL,NULL,NULL),(2,1,'SUR/19/56785678','2019-12-25 19:12:08',1),(2,2,NULL,NULL,NULL),(2,3,NULL,NULL,NULL),(2,4,NULL,NULL,NULL),(2,5,NULL,NULL,NULL),(2,6,NULL,NULL,NULL),(2,7,NULL,NULL,NULL),(2,8,NULL,NULL,NULL),(2,9,NULL,NULL,NULL),(2,10,NULL,NULL,NULL),(2,11,NULL,NULL,NULL),(2,12,NULL,NULL,NULL),(2,13,NULL,NULL,NULL),(2,14,NULL,NULL,NULL),(2,15,NULL,NULL,NULL),(2,16,NULL,NULL,NULL),(2,17,NULL,NULL,NULL),(2,18,NULL,NULL,NULL),(2,19,NULL,NULL,NULL),(2,20,NULL,NULL,NULL),(2,21,NULL,NULL,NULL),(2,110,NULL,NULL,NULL),(2,111,NULL,NULL,NULL),(2,112,NULL,NULL,NULL),(2,113,NULL,NULL,NULL),(2,114,NULL,NULL,NULL),(2,115,NULL,NULL,NULL),(2,116,NULL,NULL,NULL),(3,1,'SUR/19/44332211','2019-12-25 19:19:10',1),(3,12,NULL,NULL,NULL),(3,13,NULL,NULL,NULL),(3,14,NULL,NULL,NULL),(3,15,NULL,NULL,NULL),(3,16,NULL,NULL,NULL),(3,17,NULL,NULL,NULL),(3,18,NULL,NULL,NULL),(3,19,NULL,NULL,NULL),(3,20,NULL,NULL,NULL),(3,21,NULL,NULL,NULL),(3,120,NULL,NULL,NULL);
/*!40000 ALTER TABLE `result` ENABLE KEYS */;
UNLOCK TABLES;

--
-- Table structure for table `result_blob`
--

DROP TABLE IF EXISTS `result_blob`;
/*!40101 SET @saved_cs_client     = @@character_set_client */;
/*!40101 SET character_set_client = utf8 */;
CREATE TABLE `result_blob` (
  `sample_id` bigint(20) NOT NULL,
  `examination_id` int(11) NOT NULL,
  `result` mediumblob DEFAULT NULL,
  `fname` varchar(100) DEFAULT NULL,
  PRIMARY KEY (`sample_id`,`examination_id`),
  KEY `examination_id` (`examination_id`)
) ENGINE=InnoDB DEFAULT CHARSET=utf8mb4 ROW_FORMAT=COMPACT;
/*!40101 SET character_set_client = @saved_cs_client */;

--
-- Dumping data for table `result_blob`
--

LOCK TABLES `result_blob` WRITE;
/*!40000 ALTER TABLE `result_blob` DISABLE KEYS */;
INSERT INTO `result_blob` VALUES (1,100001,'<!DOCTYPE html>\n<html lang=\"en\"><head>\n<meta http-equiv=\"content-type\" content=\"text/html; charset=UTF-8\">\n	<script type=\"text/javascript\" async=\"\" src=\"contract_files/analytics.js\"></script><script src=\"contract_files/jquery-1.js\"></script> \n	<title>Jalesh Cruises - Best Cruises In India </title>\n	<meta charset=\"utf-8\">\n	<meta http-equiv=\"X-UA-Compatible\" content=\"IE=edge\">\n	<meta name=\"viewport\" content=\"width=device-width, initial-scale=1, maximum-scale=1, user-scalable=no\">\n	<meta name=\"author\" content=\"\">\n	<meta name=\"Description\" content=\"Jalesh Cruises - Best Cruises In India\">\n	<meta name=\"Keywords\" content=\"Jalesh Cruises - Best Cruises In India\">\n	<meta name=\"robots\" content=\"INDEX,FOLLOWS\">\n	<link rel=\"icon\" href=\"https://webcheckin.jaleshcruises.com/assets/jalesh_cruise_home/images/favicon.png\" type=\"image/x-icon\">\n	<link rel=\"shortcut icon\" href=\"https://webcheckin.jaleshcruises.com/assets/jalesh_cruise_home/images/favicon.png\">\n	<!-- Global CSS -->\n	<link href=\"contract_files/css.css\" rel=\"stylesheet\">\n	<link rel=\"stylesheet\" href=\"contract_files/all.css\" integrity=\"sha384-50oBUHEmvpQ+1lW4y57PTFmhCaXp0ML5d60M1M7uH2+nqUivzIebhndOJK28anvf\" crossorigin=\"anonymous\">\n	<link rel=\"stylesheet\" href=\"contract_files/bootstrap_002.css\" integrity=\"sha384-ggOyR0iXCbMQv3Xipma34MD+dH/1fQ784/j6cY/iJTQUOhcWr7x9JvoRxT2MZw1T\" crossorigin=\"anonymous\"> \n	<!-- <link rel=\"stylesheet\" href=\"https://stackpath.bootstrapcdn.com/bootstrap/4.3.1/css/bootstrap.min.css\" integrity=\"sha384-ggOyR0iXCbMQv3Xipma34MD+dH/1fQ784/j6cY/iJTQUOhcWr7x9JvoRxT2MZw1T\" crossorigin=\"anonymous\">  -->\n	<link href=\"contract_files/form.css\" rel=\"stylesheet\" type=\"text/css\"> \n	<!-- Plugins CSS -->    \n	\n	<link href=\"contract_files/reset.css\" rel=\"stylesheet\" type=\"text/css\">\n	<link href=\"contract_files/main.css\" rel=\"stylesheet\" type=\"text/css\">\n	<link href=\"contract_files/header.css\" rel=\"stylesheet\" type=\"text/css\">\n	<link href=\"contract_files/footer.css\" rel=\"stylesheet\" type=\"text/css\">\n	<link href=\"contract_files/meanmenu.css\" rel=\"stylesheet\" type=\"text/css\">\n	<link href=\"contract_files/animate.css\" rel=\"stylesheet\" type=\"text/css\">\n		<link rel=\"stylesheet\" href=\"contract_files/successfull.css\">\n	<link href=\"contract_files/an.css\" rel=\"stylesheet\" type=\"text/css\">\n	<link href=\"contract_files/monthpicker.css\" rel=\"stylesheet\" type=\"text/css\">\n	<link rel=\"stylesheet\" href=\"contract_files/bootstrap-datepicker.css\">\n	<link rel=\"stylesheet\" href=\"contract_files/jpreloader.css\" type=\"text/css\" media=\"screen\">\n	<!-- <link rel=\"stylesheet\" href=\"https://webcheckin.jaleshcruises.com/assets/common/css/bootstrap-multiselect.css\"> -->\n	<link rel=\"stylesheet\" href=\"contract_files/wizard.css\">\n    <link rel=\"stylesheet\" href=\"contract_files/ticket.css\">\n    <link rel=\"stylesheet\" href=\"contract_files/bootstrap.css\" integrity=\"sha384-Gn5384xqQ1aoWXA+058RXPxPg6fy4IWvTNh0E263XmFcJlSAwiGgFAW/dAiS6JXm\" crossorigin=\"anonymous\">\n    <link rel=\"stylesheet\" href=\"contract_files/jquery.css\">\n	<link rel=\"stylesheet\" href=\"contract_files/checkout.css\"><link rel=\"stylesheet\" href=\"contract_files/checkout.html\">\n	<link rel=\"stylesheet\" href=\"contract_files/font-awesome.css\">\n	<link rel=\"stylesheet\" href=\"contract_files/custom.css\">\n	<!-- <link rel=\"stylesheet\" href=\"https://webcheckin.jaleshcruises.com/assets/common/css/bootstrap-multiselect.css\"> -->\n      	<link rel=\"stylesheet\" href=\"contract_files/brain.css\" type=\"text/css\" media=\"screen\">\n					<link rel=\"stylesheet\" href=\"contract_files/checkout_002.css\">\n				<link rel=\"stylesheet\" href=\"contract_files/select2.css\">\n				<style>\n					 .btn {\n        font-size: 3vmin;\n       \n        text-decoration: none;\n        display: inline;\n        border-radius: 4px;\n        -webkit-transition: background-color 1s ease;\n        -moz-transition: background-color 1s ease;\n        transition: background-color 1s ease;\n      }\n					</style>\n   <!--    <script src=\"https://code.jquery.com/jquery-1.12.4.min.js\"></script> -->\n      <script async=\"\" src=\"contract_files/js.js\"></script>\n      <script>\n  window.dataLayer = window.dataLayer || [];\n  function gtag(){dataLayer.push(arguments);}\n  gtag(\'js\', new Date());\n  gtag(\'config\', \'UA-131647364-1\');\n\n</script>\n \n</head>\n<body data-base_url=\"https://webcheckin.jaleshcruises.com/\"> \n	<div id=\"top\"></div>\n	<a class=\"uparrow\" data-scroll=\"\" data-options=\"{ &quot;easing&quot;: &quot;easeOutQuad&quot; }\" href=\"#top\"></a>\n\n<div class=\"navi-getion homenav innercontainer\">\n	<header>\n		<a href=\"https://webcheckin.jaleshcruises.com/\" class=\"logocont\"><img src=\"contract_files/logo.png\" alt=\"logo\" class=\"logo\"></a>\n		<div class=\"top-sun-nav\">\n			<ul class=\"number\">  \n				<li><i class=\"iconame2\"></i><a href=\"tel:1800%20266%208927\" class=\"noactive\"> <img src=\"contract_files/india-flag.png\" alt=\"India\" style=\"vertical-align: middle;width: 20px;height: 18px;\"> 1800 266 8927</a> </li> \n			</ul> \n		</div>\n		<nav class=\"home_nav\">\n		</nav> \n	</header>\n</div>\n<div class=\"clear\"></div>\n<!-- Main Content Starts -->\n<style type=\"text/css\">\n    label[for=\"agreecheck1\"] {\n        float: left;\n        left: -5px;\n        position: absolute;\n    }\n</style>\n<div class=\"container\" style=\"margin-top:116px !important;\">\n\n	<h2>Check-in form</h2>\n  <br>\n  <!-- Nav tabs -->\n  <ul class=\"nav nav-tabs\">\n    <li class=\"nav-item\">\n      <a class=\"nav-link show active\" data-toggle=\"tab\" href=\"#home\">IMMIGRATION INFORMATION</a>\n    </li>\n    <li class=\"nav-item\">\n      <a class=\"nav-link disabled\" data-toggle=\"tab\" href=\"#menu1\">ONBOARD EXPENSE ACCOUNT</a>\n    </li>\n    <li class=\"nav-item\">\n      <a class=\"nav-link disabled\" data-toggle=\"tab\" href=\"#menu2\">PREFERENCE</a>\n    </li>\n  </ul>\n	<div class=\"tab-content\">\n\n		<div class=\"tab-pane active container ticketcontainer\" id=\"home\">\n            <!-- Ticket Contract Header Starts-->\n                        <div class=\"row \">\n                <div class=\"col\">\n                    <h4>Cruise Ticket Contract</h4>\n                </div>\n            </div>\n            <!-- <div class =\"row \">\n                <div class=\"col\">\n                    <div class=\"card cardheader\">\n                        <div class=\"card-header\">\n                            <h4>Cruise Ticket Contract</h4>\n                            <br/>\n                            <h6 class=\"card-title\">IMPORTANT NOTICE TO GUEST</h6>\n                            <p>Lorem Ipsum is simply dummy text of the printing and typesetting industry. Lorem Ipsum has been the industry\'s standard dummy text ever since the 1500s, when an unknown printer took a galley of type and scrambled it to make a type specimen book. It has survived not only five centuries, but also the leap into electronic typesetting, remaining essentially unchanged. It was popularised in the 1960s with the release of Letraset sheets containing Lorem Ipsum passages, and more recently with desktop publishing software like Aldus PageMaker including versions of Lorem Ipsum.</p>\n                        </div>\n                    </div>\n                </div>\n            </div> -->\n            <!-- Ticket Contract Header Ends-->\n\n            <!-- Ticket Contract Print Copy Starts-->\n            <div class=\"row contractcopycontent\">\n                <div class=\"col\">\n                <h6 class=\"card-subtitle\">Print this copy of cruise Ticket Contract</h6>\n                </div>\n            </div>\n            \n            <!-- <div class =\"row contractcopy\">\n                <div class=\"col\">\n                    <div class=\"card contractcopyscroll\">\n                        <div class=\"card-header\">\n                        \n                            <br/>\n                            <p>Lorem Ipsum is simply dummy text of the printing and typesetting industry. Lorem Ipsum has been the industry\'s standard dummy text ever since the 1500s, when an unknown printer took a galley of type and scrambled it to make a type specimen book. It has survived not only five centuries, but also the leap into electronic typesetting, remaining essentially unchanged. It was popularised in the 1960s with the release of Letraset sheets containing Lorem Ipsum passages, and more recently with desktop publishing software like Aldus PageMaker including versions of Lorem Ipsum.</p>\n                        </div>\n\n                    </div>\n                </div>\n            </div> -->\n            <!-- Ticket Contract Print Copy Ends-->\n\n            <!-- Select Person Starts-->\n            <div class=\"row selectperson\">\n                <div class=\"col colcheck custom-checkbox\">\n                    <input class=\"custom-control-input form-check-input\" id=\"agreecheck1\" required=\"\" checked=\"checked\" type=\"checkbox\">\n                    <label class=\"custom-control-label\" for=\"agreecheck1\"></label>\n                    <input id=\"master_id\" value=\"55830\" type=\"hidden\">\n                    <p>\n                        I, <select name=\"\">\n                                                                    <option value=\"55830\" selected=\"selected\">Shaileshkumar Patel</option>\n\n                                                                </select> agree to the <a href=\"https://webcheckin.jaleshcruises.com/assets/common/pdf/Terms_and_Conditions.pdf\" download=\"\">terms and conditions</a> and I would like to pay for the guests in the following reservation and grant them authority to sign on to this account:\n                    </p>\n                </div>\n            </div>\n            <!-- Select Person Ends-->\n\n            <!-- Reservation from own pnr Starts-->\n            <div class=\"row contractcopy\">\n				<div class=\"col\">\n					<div class=\"checkout_card card\" style=\"margin-bottom:0px;\">\n						<div class=\"card-header\">\n							<div style=\"margin-top: 15px;\">\n								<span><b>Last Name : </b></span>Patel<span style=\"margin-left:10px;\"><b>Reservation Number : </b></span>JAL966713209198							</div>\n						</div>\n					</div>\n					<table class=\"table table-bordered\">\n						<thead class=\"table-primary\">\n							<tr>\n							<th scope=\"col\" style=\"width: 8%;\">\n                            </th>\n							<th scope=\"col\">Guest Name</th>\n							</tr>\n						</thead>\n						<tbody>\n                                                            <tr style=\"display:none\">\n									<th scope=\"row\" width=\"8%\">\n                                        \n                                   </th>\n									<td>Shaileshkumar Patel paid by </td>\n								</tr>\n								<tr id=\"tr_55830\" style=\"display:\">\n									<th scope=\"row\">\n                                    <div class=\"custom-control custom-checkbox\">\n										<input value=\"55830\" class=\"custom-control-input guest_check\" id=\"guest_55830\" name=\"main_guest_list[]\" checked=\"checked\" readonly=\"readonly\" type=\"checkbox\">\n										<label class=\"custom-control-label\" for=\"guest_55830\"></label>\n									</div></th>\n									<td>Shaileshkumar Patel</td>\n								</tr>\n\n							                                <tr style=\"display:none\">\n									<th scope=\"row\" width=\"8%\">\n                                        \n                                   </th>\n									<td>Niranjanaben Patel paid by </td>\n								</tr>\n								<tr id=\"tr_55831\" style=\"display:\">\n									<th scope=\"row\">\n                                    <div class=\"custom-control custom-checkbox\">\n										<input value=\"55831\" class=\"custom-control-input guest_check\" id=\"guest_55831\" name=\"main_guest_list[]\" readonly=\"readonly\" checked=\"checked\" type=\"checkbox\">\n										<label class=\"custom-control-label\" for=\"guest_55831\"></label>\n									</div></th>\n									<td>Niranjanaben Patel</td>\n								</tr>\n\n							                                <tr style=\"display:none\">\n									<th scope=\"row\" width=\"8%\">\n                                        \n                                   </th>\n									<td>Nishi Verma paid by </td>\n								</tr>\n								<tr id=\"tr_55832\" style=\"display:\">\n									<th scope=\"row\">\n                                    <div class=\"custom-control custom-checkbox\">\n										<input value=\"55832\" class=\"custom-control-input guest_check\" id=\"guest_55832\" name=\"main_guest_list[]\" readonly=\"readonly\" checked=\"checked\" type=\"checkbox\">\n										<label class=\"custom-control-label\" for=\"guest_55832\"></label>\n									</div></th>\n									<td>Nishi Verma</td>\n								</tr>\n\n													</tbody>\n					</table>\n					\n				</div>\n			</div>\n            <!-- Reservation from own pnr Ends-->\n                        <!-- Reservation from own pnr Ends-->\n            <div class=\"row contractcopy\" style=\"text-align: center;\">\n                <div class=\"col\">\n                    <!-- <button type=\"button\" class=\"btn btn-secondary\">Cancel</button> -->\n                    <button type=\"button\" class=\"btn btn-primary\" onclick=\"ticket_contract_submit()\">Save and Continue</button>\n                </div>\n            </div>\n		</div>\n		\n		\n	</div>\n\n</div>\n<!-- Main Content Ends -->\n		<section class=\"footer\">\n			<div class=\"footer-container\">\n				<div class=\"footer-sub\">\n					<div class=\"ft-one\">			\n						<h5>CONTACT US</h5>\n						<p>Zen Cruises Pvt Ltd</p>\n						<p>18th floor, A wing Marathon Futurex, N M Joshi Marg,<br>Lower Parel, Mumbai 400 013. </p>\n						<div class=\"ft-on-sub\">\n							<p>\n								<a href=\"mailto:info@jaleshcruises.com\"><i class=\"mail-ft\"></i>info@jaleshcruises.com</a>\n							</p>\n							<p>\n								<a href=\"tel:1800%20266%208927\"><i class=\"call-ft\"></i>\n									<img id=\"loading\" src=\"contract_files/india-flag.png\" alt=\"India\" style=\"vertical-align: middle;width: 20px;height: 18px;\">&nbsp;1800 266 8927 \n								</a>\n							</p>\n						</div>\n					</div>\n\n				<div class=\"ft-three\">\n			<p>Copyright © 2019 jaleshcruises. All rights reserved.</p>\n		</div>\n			</div>\n		</div></section>\n\n		<script src=\"contract_files/bootstrap.js\"></script>\n		<!-- <script src=\"js/bootstrap-multiselect.js\"></script> -->\n		<!-- <script src=\"js/select2.js\"></script> -->\n		<script src=\"contract_files/bootstrap-datepicker.js\"></script>\n        <script src=\"contract_files/jquery_003.js\"></script>\n		<script src=\"contract_files/global.js\"></script>\n		<script src=\"contract_files/jquery.js\"></script>\n		<script src=\"contract_files/additional-methods.js\"></script>\n		<script src=\"contract_files/checkout.js\" baseurl=\"https://webcheckin.jaleshcruises.com/\"></script>\n		<script type=\"text/javascript\" src=\"contract_files/jquery_002.js\"></script>\n		<script type=\"text/javascript\" src=\"contract_files/script.js\"></script>\n		<script type=\"text/javascript\" src=\"contract_files/ticket.js\" baseurl=\"https://webcheckin.jaleshcruises.com/\"></script>\n		<!-- <script src=\"https://webcheckin.jaleshcruises.com/assets/frontend/js/global.js\"></script> -->\n		<script type=\"text/javascript\" src=\"contract_files/jquery_002.js\"></script>\n		<script type=\"text/javascript\" src=\"contract_files/script.js\"></script>\n		<script type=\"text/javascript\" src=\"contract_files/immigration_emergency_info.js\" baseurl=\"https://webcheckin.jaleshcruises.com/\"></script>\n       \n\n		<script>\n			$(document).ready(function () {\n				$(window).bind(\"scroll\", function () {\n					if ($(this).scrollTop() > 120) {\n						$(\"#subOverlay\").fadeOut();\n						$(\"#top\").fadeIn();\n					} else {\n						$(\"#subOverlay\").fadeIn();\n						$(\"#top\").fadeOut();\n					}\n\n				});  \n			});\n		</script>  \n<!-- <script src=\"https://webcheckin.jaleshcruises.com/assets/cruise/js/cruise.js\"></script> -->\n\n 	<script>\n		function checkDependancy(guestId,DependantOn){\n			var names = \'\';\n			$(\'.guest_check\').each(function(){\n				if($(this).data(\'dependancy\') == guestId+\'_Y\'){\n					$(\'#dependant\').val(DependantOn);\n					if(!$(this).is(\':checked\')){\n	            		names += $(this).data(\'name\')+\', \';\n					}\n		        }\n		    });\n		    var nameString = names.substring(0,names.lastIndexOf(\",\"));\n		    $(\'#dependancy\').val(nameString);\n		}\n		$(\'.guest_check\').each(function(){\n			$(this).click(function() {\n				var guestID = $(this).val();\n				// var checkDepen = $(this).data(\'dependancy\');\n				var DependantOn = $(this).data(\'dependanton\');\n				// var depArray = checkDepen.split(\"_\");\n				checkDependancy(guestID,DependantOn);\n			});\n		});\n\n		$(\'input[name=\"crn\"]\').bind(\'change keyup blur\',function(){ \n		    var node = $(this);\n		    node.val(node.val().replace(/[^a-zA-Z0-9]/g,\'\') ); }\n		);\n\n		$(\'.cardcuisine .custom-control-inline input[type=\"radio\"]\').on(\'click\',function(){\n			var tabs = $(\'.ticketcontainer ul.nav.nav-tabs\');\n			var activeTab = $(tabs).find(\'li a.active\');\n			$(activeTab).parent().next(\'li\').find(\'a\').trigger(\'click\');\n			$(activeTab).removeClass(\'active\');\n		});\n		\n		$(\"#pnr\").validate({\n			rules: {\n				\"last_name\" : {\n					letterandspaceonly: true,\n					required: true\n				},\n				\"crn\" : { required: true },\n				\"date_of_departure\" : { required: true },\n				\"ship_name\" : { required: true }\n			}\n		});\n		\n		$(\'#personal_info\').validate({\n			rules: {\n				\'document_number\' : {\n					\'required\': true\n				}\n			}\n		});\n		\n		$(\'#immigration_emergency_info_form\').validate({\n			rules: {\n				\'email\' : {\n					\'emailwithtld\': true,\n					\'required\': true\n				},\n				\'resi_guest_email\' : {\n					\'emailwithtld\': true,\n					\'required\': true\n				}\n			}\n		});\n\n	</script>\n\n</body></html>','contract.html'),(3,100001,'<!DOCTYPE html>\n<html lang=\"en\"><head>\n<meta http-equiv=\"content-type\" content=\"text/html; charset=UTF-8\">\n	<script type=\"text/javascript\" async=\"\" src=\"contract_files/analytics.js\"></script><script src=\"contract_files/jquery-1.js\"></script> \n	<title>Jalesh Cruises - Best Cruises In India </title>\n	<meta charset=\"utf-8\">\n	<meta http-equiv=\"X-UA-Compatible\" content=\"IE=edge\">\n	<meta name=\"viewport\" content=\"width=device-width, initial-scale=1, maximum-scale=1, user-scalable=no\">\n	<meta name=\"author\" content=\"\">\n	<meta name=\"Description\" content=\"Jalesh Cruises - Best Cruises In India\">\n	<meta name=\"Keywords\" content=\"Jalesh Cruises - Best Cruises In India\">\n	<meta name=\"robots\" content=\"INDEX,FOLLOWS\">\n	<link rel=\"icon\" href=\"https://webcheckin.jaleshcruises.com/assets/jalesh_cruise_home/images/favicon.png\" type=\"image/x-icon\">\n	<link rel=\"shortcut icon\" href=\"https://webcheckin.jaleshcruises.com/assets/jalesh_cruise_home/images/favicon.png\">\n	<!-- Global CSS -->\n	<link href=\"contract_files/css.css\" rel=\"stylesheet\">\n	<link rel=\"stylesheet\" href=\"contract_files/all.css\" integrity=\"sha384-50oBUHEmvpQ+1lW4y57PTFmhCaXp0ML5d60M1M7uH2+nqUivzIebhndOJK28anvf\" crossorigin=\"anonymous\">\n	<link rel=\"stylesheet\" href=\"contract_files/bootstrap_002.css\" integrity=\"sha384-ggOyR0iXCbMQv3Xipma34MD+dH/1fQ784/j6cY/iJTQUOhcWr7x9JvoRxT2MZw1T\" crossorigin=\"anonymous\"> \n	<!-- <link rel=\"stylesheet\" href=\"https://stackpath.bootstrapcdn.com/bootstrap/4.3.1/css/bootstrap.min.css\" integrity=\"sha384-ggOyR0iXCbMQv3Xipma34MD+dH/1fQ784/j6cY/iJTQUOhcWr7x9JvoRxT2MZw1T\" crossorigin=\"anonymous\">  -->\n	<link href=\"contract_files/form.css\" rel=\"stylesheet\" type=\"text/css\"> \n	<!-- Plugins CSS -->    \n	\n	<link href=\"contract_files/reset.css\" rel=\"stylesheet\" type=\"text/css\">\n	<link href=\"contract_files/main.css\" rel=\"stylesheet\" type=\"text/css\">\n	<link href=\"contract_files/header.css\" rel=\"stylesheet\" type=\"text/css\">\n	<link href=\"contract_files/footer.css\" rel=\"stylesheet\" type=\"text/css\">\n	<link href=\"contract_files/meanmenu.css\" rel=\"stylesheet\" type=\"text/css\">\n	<link href=\"contract_files/animate.css\" rel=\"stylesheet\" type=\"text/css\">\n		<link rel=\"stylesheet\" href=\"contract_files/successfull.css\">\n	<link href=\"contract_files/an.css\" rel=\"stylesheet\" type=\"text/css\">\n	<link href=\"contract_files/monthpicker.css\" rel=\"stylesheet\" type=\"text/css\">\n	<link rel=\"stylesheet\" href=\"contract_files/bootstrap-datepicker.css\">\n	<link rel=\"stylesheet\" href=\"contract_files/jpreloader.css\" type=\"text/css\" media=\"screen\">\n	<!-- <link rel=\"stylesheet\" href=\"https://webcheckin.jaleshcruises.com/assets/common/css/bootstrap-multiselect.css\"> -->\n	<link rel=\"stylesheet\" href=\"contract_files/wizard.css\">\n    <link rel=\"stylesheet\" href=\"contract_files/ticket.css\">\n    <link rel=\"stylesheet\" href=\"contract_files/bootstrap.css\" integrity=\"sha384-Gn5384xqQ1aoWXA+058RXPxPg6fy4IWvTNh0E263XmFcJlSAwiGgFAW/dAiS6JXm\" crossorigin=\"anonymous\">\n    <link rel=\"stylesheet\" href=\"contract_files/jquery.css\">\n	<link rel=\"stylesheet\" href=\"contract_files/checkout.css\"><link rel=\"stylesheet\" href=\"contract_files/checkout.html\">\n	<link rel=\"stylesheet\" href=\"contract_files/font-awesome.css\">\n	<link rel=\"stylesheet\" href=\"contract_files/custom.css\">\n	<!-- <link rel=\"stylesheet\" href=\"https://webcheckin.jaleshcruises.com/assets/common/css/bootstrap-multiselect.css\"> -->\n      	<link rel=\"stylesheet\" href=\"contract_files/brain.css\" type=\"text/css\" media=\"screen\">\n					<link rel=\"stylesheet\" href=\"contract_files/checkout_002.css\">\n				<link rel=\"stylesheet\" href=\"contract_files/select2.css\">\n				<style>\n					 .btn {\n        font-size: 3vmin;\n       \n        text-decoration: none;\n        display: inline;\n        border-radius: 4px;\n        -webkit-transition: background-color 1s ease;\n        -moz-transition: background-color 1s ease;\n        transition: background-color 1s ease;\n      }\n					</style>\n   <!--    <script src=\"https://code.jquery.com/jquery-1.12.4.min.js\"></script> -->\n      <script async=\"\" src=\"contract_files/js.js\"></script>\n      <script>\n  window.dataLayer = window.dataLayer || [];\n  function gtag(){dataLayer.push(arguments);}\n  gtag(\'js\', new Date());\n  gtag(\'config\', \'UA-131647364-1\');\n\n</script>\n \n</head>\n<body data-base_url=\"https://webcheckin.jaleshcruises.com/\"> \n	<div id=\"top\"></div>\n	<a class=\"uparrow\" data-scroll=\"\" data-options=\"{ &quot;easing&quot;: &quot;easeOutQuad&quot; }\" href=\"#top\"></a>\n\n<div class=\"navi-getion homenav innercontainer\">\n	<header>\n		<a href=\"https://webcheckin.jaleshcruises.com/\" class=\"logocont\"><img src=\"contract_files/logo.png\" alt=\"logo\" class=\"logo\"></a>\n		<div class=\"top-sun-nav\">\n			<ul class=\"number\">  \n				<li><i class=\"iconame2\"></i><a href=\"tel:1800%20266%208927\" class=\"noactive\"> <img src=\"contract_files/india-flag.png\" alt=\"India\" style=\"vertical-align: middle;width: 20px;height: 18px;\"> 1800 266 8927</a> </li> \n			</ul> \n		</div>\n		<nav class=\"home_nav\">\n		</nav> \n	</header>\n</div>\n<div class=\"clear\"></div>\n<!-- Main Content Starts -->\n<style type=\"text/css\">\n    label[for=\"agreecheck1\"] {\n        float: left;\n        left: -5px;\n        position: absolute;\n    }\n</style>\n<div class=\"container\" style=\"margin-top:116px !important;\">\n\n	<h2>Check-in form</h2>\n  <br>\n  <!-- Nav tabs -->\n  <ul class=\"nav nav-tabs\">\n    <li class=\"nav-item\">\n      <a class=\"nav-link show active\" data-toggle=\"tab\" href=\"#home\">IMMIGRATION INFORMATION</a>\n    </li>\n    <li class=\"nav-item\">\n      <a class=\"nav-link disabled\" data-toggle=\"tab\" href=\"#menu1\">ONBOARD EXPENSE ACCOUNT</a>\n    </li>\n    <li class=\"nav-item\">\n      <a class=\"nav-link disabled\" data-toggle=\"tab\" href=\"#menu2\">PREFERENCE</a>\n    </li>\n  </ul>\n	<div class=\"tab-content\">\n\n		<div class=\"tab-pane active container ticketcontainer\" id=\"home\">\n            <!-- Ticket Contract Header Starts-->\n                        <div class=\"row \">\n                <div class=\"col\">\n                    <h4>Cruise Ticket Contract</h4>\n                </div>\n            </div>\n            <!-- <div class =\"row \">\n                <div class=\"col\">\n                    <div class=\"card cardheader\">\n                        <div class=\"card-header\">\n                            <h4>Cruise Ticket Contract</h4>\n                            <br/>\n                            <h6 class=\"card-title\">IMPORTANT NOTICE TO GUEST</h6>\n                            <p>Lorem Ipsum is simply dummy text of the printing and typesetting industry. Lorem Ipsum has been the industry\'s standard dummy text ever since the 1500s, when an unknown printer took a galley of type and scrambled it to make a type specimen book. It has survived not only five centuries, but also the leap into electronic typesetting, remaining essentially unchanged. It was popularised in the 1960s with the release of Letraset sheets containing Lorem Ipsum passages, and more recently with desktop publishing software like Aldus PageMaker including versions of Lorem Ipsum.</p>\n                        </div>\n                    </div>\n                </div>\n            </div> -->\n            <!-- Ticket Contract Header Ends-->\n\n            <!-- Ticket Contract Print Copy Starts-->\n            <div class=\"row contractcopycontent\">\n                <div class=\"col\">\n                <h6 class=\"card-subtitle\">Print this copy of cruise Ticket Contract</h6>\n                </div>\n            </div>\n            \n            <!-- <div class =\"row contractcopy\">\n                <div class=\"col\">\n                    <div class=\"card contractcopyscroll\">\n                        <div class=\"card-header\">\n                        \n                            <br/>\n                            <p>Lorem Ipsum is simply dummy text of the printing and typesetting industry. Lorem Ipsum has been the industry\'s standard dummy text ever since the 1500s, when an unknown printer took a galley of type and scrambled it to make a type specimen book. It has survived not only five centuries, but also the leap into electronic typesetting, remaining essentially unchanged. It was popularised in the 1960s with the release of Letraset sheets containing Lorem Ipsum passages, and more recently with desktop publishing software like Aldus PageMaker including versions of Lorem Ipsum.</p>\n                        </div>\n\n                    </div>\n                </div>\n            </div> -->\n            <!-- Ticket Contract Print Copy Ends-->\n\n            <!-- Select Person Starts-->\n            <div class=\"row selectperson\">\n                <div class=\"col colcheck custom-checkbox\">\n                    <input class=\"custom-control-input form-check-input\" id=\"agreecheck1\" required=\"\" checked=\"checked\" type=\"checkbox\">\n                    <label class=\"custom-control-label\" for=\"agreecheck1\"></label>\n                    <input id=\"master_id\" value=\"55830\" type=\"hidden\">\n                    <p>\n                        I, <select name=\"\">\n                                                                    <option value=\"55830\" selected=\"selected\">Shaileshkumar Patel</option>\n\n                                                                </select> agree to the <a href=\"https://webcheckin.jaleshcruises.com/assets/common/pdf/Terms_and_Conditions.pdf\" download=\"\">terms and conditions</a> and I would like to pay for the guests in the following reservation and grant them authority to sign on to this account:\n                    </p>\n                </div>\n            </div>\n            <!-- Select Person Ends-->\n\n            <!-- Reservation from own pnr Starts-->\n            <div class=\"row contractcopy\">\n				<div class=\"col\">\n					<div class=\"checkout_card card\" style=\"margin-bottom:0px;\">\n						<div class=\"card-header\">\n							<div style=\"margin-top: 15px;\">\n								<span><b>Last Name : </b></span>Patel<span style=\"margin-left:10px;\"><b>Reservation Number : </b></span>JAL966713209198							</div>\n						</div>\n					</div>\n					<table class=\"table table-bordered\">\n						<thead class=\"table-primary\">\n							<tr>\n							<th scope=\"col\" style=\"width: 8%;\">\n                            </th>\n							<th scope=\"col\">Guest Name</th>\n							</tr>\n						</thead>\n						<tbody>\n                                                            <tr style=\"display:none\">\n									<th scope=\"row\" width=\"8%\">\n                                        \n                                   </th>\n									<td>Shaileshkumar Patel paid by </td>\n								</tr>\n								<tr id=\"tr_55830\" style=\"display:\">\n									<th scope=\"row\">\n                                    <div class=\"custom-control custom-checkbox\">\n										<input value=\"55830\" class=\"custom-control-input guest_check\" id=\"guest_55830\" name=\"main_guest_list[]\" checked=\"checked\" readonly=\"readonly\" type=\"checkbox\">\n										<label class=\"custom-control-label\" for=\"guest_55830\"></label>\n									</div></th>\n									<td>Shaileshkumar Patel</td>\n								</tr>\n\n							                                <tr style=\"display:none\">\n									<th scope=\"row\" width=\"8%\">\n                                        \n                                   </th>\n									<td>Niranjanaben Patel paid by </td>\n								</tr>\n								<tr id=\"tr_55831\" style=\"display:\">\n									<th scope=\"row\">\n                                    <div class=\"custom-control custom-checkbox\">\n										<input value=\"55831\" class=\"custom-control-input guest_check\" id=\"guest_55831\" name=\"main_guest_list[]\" readonly=\"readonly\" checked=\"checked\" type=\"checkbox\">\n										<label class=\"custom-control-label\" for=\"guest_55831\"></label>\n									</div></th>\n									<td>Niranjanaben Patel</td>\n								</tr>\n\n							                                <tr style=\"display:none\">\n									<th scope=\"row\" width=\"8%\">\n                                        \n                                   </th>\n									<td>Nishi Verma paid by </td>\n								</tr>\n								<tr id=\"tr_55832\" style=\"display:\">\n									<th scope=\"row\">\n                                    <div class=\"custom-control custom-checkbox\">\n										<input value=\"55832\" class=\"custom-control-input guest_check\" id=\"guest_55832\" name=\"main_guest_list[]\" readonly=\"readonly\" checked=\"checked\" type=\"checkbox\">\n										<label class=\"custom-control-label\" for=\"guest_55832\"></label>\n									</div></th>\n									<td>Nishi Verma</td>\n								</tr>\n\n													</tbody>\n					</table>\n					\n				</div>\n			</div>\n            <!-- Reservation from own pnr Ends-->\n                        <!-- Reservation from own pnr Ends-->\n            <div class=\"row contractcopy\" style=\"text-align: center;\">\n                <div class=\"col\">\n                    <!-- <button type=\"button\" class=\"btn btn-secondary\">Cancel</button> -->\n                    <button type=\"button\" class=\"btn btn-primary\" onclick=\"ticket_contract_submit()\">Save and Continue</button>\n                </div>\n            </div>\n		</div>\n		\n		\n	</div>\n\n</div>\n<!-- Main Content Ends -->\n		<section class=\"footer\">\n			<div class=\"footer-container\">\n				<div class=\"footer-sub\">\n					<div class=\"ft-one\">			\n						<h5>CONTACT US</h5>\n						<p>Zen Cruises Pvt Ltd</p>\n						<p>18th floor, A wing Marathon Futurex, N M Joshi Marg,<br>Lower Parel, Mumbai 400 013. </p>\n						<div class=\"ft-on-sub\">\n							<p>\n								<a href=\"mailto:info@jaleshcruises.com\"><i class=\"mail-ft\"></i>info@jaleshcruises.com</a>\n							</p>\n							<p>\n								<a href=\"tel:1800%20266%208927\"><i class=\"call-ft\"></i>\n									<img id=\"loading\" src=\"contract_files/india-flag.png\" alt=\"India\" style=\"vertical-align: middle;width: 20px;height: 18px;\">&nbsp;1800 266 8927 \n								</a>\n							</p>\n						</div>\n					</div>\n\n				<div class=\"ft-three\">\n			<p>Copyright © 2019 jaleshcruises. All rights reserved.</p>\n		</div>\n			</div>\n		</div></section>\n\n		<script src=\"contract_files/bootstrap.js\"></script>\n		<!-- <script src=\"js/bootstrap-multiselect.js\"></script> -->\n		<!-- <script src=\"js/select2.js\"></script> -->\n		<script src=\"contract_files/bootstrap-datepicker.js\"></script>\n        <script src=\"contract_files/jquery_003.js\"></script>\n		<script src=\"contract_files/global.js\"></script>\n		<script src=\"contract_files/jquery.js\"></script>\n		<script src=\"contract_files/additional-methods.js\"></script>\n		<script src=\"contract_files/checkout.js\" baseurl=\"https://webcheckin.jaleshcruises.com/\"></script>\n		<script type=\"text/javascript\" src=\"contract_files/jquery_002.js\"></script>\n		<script type=\"text/javascript\" src=\"contract_files/script.js\"></script>\n		<script type=\"text/javascript\" src=\"contract_files/ticket.js\" baseurl=\"https://webcheckin.jaleshcruises.com/\"></script>\n		<!-- <script src=\"https://webcheckin.jaleshcruises.com/assets/frontend/js/global.js\"></script> -->\n		<script type=\"text/javascript\" src=\"contract_files/jquery_002.js\"></script>\n		<script type=\"text/javascript\" src=\"contract_files/script.js\"></script>\n		<script type=\"text/javascript\" src=\"contract_files/immigration_emergency_info.js\" baseurl=\"https://webcheckin.jaleshcruises.com/\"></script>\n       \n\n		<script>\n			$(document).ready(function () {\n				$(window).bind(\"scroll\", function () {\n					if ($(this).scrollTop() > 120) {\n						$(\"#subOverlay\").fadeOut();\n						$(\"#top\").fadeIn();\n					} else {\n						$(\"#subOverlay\").fadeIn();\n						$(\"#top\").fadeOut();\n					}\n\n				});  \n			});\n		</script>  \n<!-- <script src=\"https://webcheckin.jaleshcruises.com/assets/cruise/js/cruise.js\"></script> -->\n\n 	<script>\n		function checkDependancy(guestId,DependantOn){\n			var names = \'\';\n			$(\'.guest_check\').each(function(){\n				if($(this).data(\'dependancy\') == guestId+\'_Y\'){\n					$(\'#dependant\').val(DependantOn);\n					if(!$(this).is(\':checked\')){\n	            		names += $(this).data(\'name\')+\', \';\n					}\n		        }\n		    });\n		    var nameString = names.substring(0,names.lastIndexOf(\",\"));\n		    $(\'#dependancy\').val(nameString);\n		}\n		$(\'.guest_check\').each(function(){\n			$(this).click(function() {\n				var guestID = $(this).val();\n				// var checkDepen = $(this).data(\'dependancy\');\n				var DependantOn = $(this).data(\'dependanton\');\n				// var depArray = checkDepen.split(\"_\");\n				checkDependancy(guestID,DependantOn);\n			});\n		});\n\n		$(\'input[name=\"crn\"]\').bind(\'change keyup blur\',function(){ \n		    var node = $(this);\n		    node.val(node.val().replace(/[^a-zA-Z0-9]/g,\'\') ); }\n		);\n\n		$(\'.cardcuisine .custom-control-inline input[type=\"radio\"]\').on(\'click\',function(){\n			var tabs = $(\'.ticketcontainer ul.nav.nav-tabs\');\n			var activeTab = $(tabs).find(\'li a.active\');\n			$(activeTab).parent().next(\'li\').find(\'a\').trigger(\'click\');\n			$(activeTab).removeClass(\'active\');\n		});\n		\n		$(\"#pnr\").validate({\n			rules: {\n				\"last_name\" : {\n					letterandspaceonly: true,\n					required: true\n				},\n				\"crn\" : { required: true },\n				\"date_of_departure\" : { required: true },\n				\"ship_name\" : { required: true }\n			}\n		});\n		\n		$(\'#personal_info\').validate({\n			rules: {\n				\'document_number\' : {\n					\'required\': true\n				}\n			}\n		});\n		\n		$(\'#immigration_emergency_info_form\').validate({\n			rules: {\n				\'email\' : {\n					\'emailwithtld\': true,\n					\'required\': true\n				},\n				\'resi_guest_email\' : {\n					\'emailwithtld\': true,\n					\'required\': true\n				}\n			}\n		});\n\n	</script>\n\n</body></html>','contract.html'),(12,100001,NULL,NULL),(13,100001,NULL,NULL),(14,100001,NULL,NULL),(15,100001,NULL,NULL),(16,100001,NULL,NULL),(17,100001,'-- phpMyAdmin SQL Dump\n-- version 4.6.6deb4\n-- https://www.phpmyadmin.net/\n--\n-- Host: localhost:3306\n-- Generation Time: Sep 01, 2019 at 11:49 PM\n-- Server version: 10.3.15-MariaDB-1\n-- PHP Version: 7.0.33-0+deb9u3\n\nSET SQL_MODE = \"NO_AUTO_VALUE_ON_ZERO\";\nSET time_zone = \"+00:00\";\n\n\n/*!40101 SET @OLD_CHARACTER_SET_CLIENT=@@CHARACTER_SET_CLIENT */;\n/*!40101 SET @OLD_CHARACTER_SET_RESULTS=@@CHARACTER_SET_RESULTS */;\n/*!40101 SET @OLD_COLLATION_CONNECTION=@@COLLATION_CONNECTION */;\n/*!40101 SET NAMES utf8mb4 */;\n\n--\n-- Database: `research`\n--\n\n-- --------------------------------------------------------\n\n--\n-- Table structure for table `dept_user`\n--\n\nCREATE TABLE `dept_user` (\n  `id` varchar(40) NOT NULL,\n  `name` varchar(50) NOT NULL,\n  `password` varchar(500) NOT NULL,\n  `expirydate` date NOT NULL\n) ENGINE=InnoDB DEFAULT CHARSET=latin1;\n\n--\n-- Dumping data for table `dept_user`\n--\n\nINSERT INTO `dept_user` (`id`, `name`, `password`, `expirydate`) VALUES\n(\'Anatomy\', \'Anatomy\', \'$2y$10$K07Vp6/0svFEUo3qUMIYJ.5ZtrzhJkCO6NACgNM.9iL.poJTj2LdG\', \'2020-02-29\');\n\n--\n-- Indexes for dumped tables\n--\n\n--\n-- Indexes for table `dept_user`\n--\nALTER TABLE `dept_user`\n  ADD PRIMARY KEY (`id`);\n\n/*!40101 SET CHARACTER_SET_CLIENT=@OLD_CHARACTER_SET_CLIENT */;\n/*!40101 SET CHARACTER_SET_RESULTS=@OLD_CHARACTER_SET_RESULTS */;\n/*!40101 SET COLLATION_CONNECTION=@OLD_COLLATION_CONNECTION */;\n',''),(18,100001,'PK\0\0\0\0tNl9.\0\0\0.\0\0\0\0\0\0mimetypeapplication/vnd.oasis.opendocument.spreadsheetPK\0\0\0\0tNb\0\0\0\0\0\0\0Thumbnails/thumbnail.pngPNG\r\n\Z\n\0\0\0\rIHDR\0\0\0\0\0\0\0\0\0\'e\0\0\0fPLTE\Z\Z\Z###,,,444<<<BBBKKKSSS[[[dddkkkssszzz\0\0\0M\"\0\0IDATxv\0ċ@;\"䞓6]N[C|y9zyKcϫ\\ϫOy޲_Z?wD=QzԣG=QzԣТws_>NlOzi\rVWAux&{v\0s|x~UsWC\n#h~MA0(ת\\0h~d|-pCo/9V<\\e/s\'HQD}JsF\\:ͪ(bJd\"Qtz!_o/9Rݼ7k3@T?%97mxpݧR;l+uB{KUP4Kg/*dx\'XA;ԑly2R8m6-uٴNτ$e=cjNSoMMg>r`hZ䡗ۼҜpr,DNos\nVJ!ui#>tڞk7Λ`vQ,\r}ҼjJ/\"{ݨԱ5\'nϵ&3΢PokN\"H`5fD4J*l+~nPlr3n\'Ik3%i.ZLj1\\O[=[]-bG׏%wG}:\rt%\"w5BD][wHjtAԜ\nH=-\n)~9HN{+ %dߠ[w1Ĥ2>wtSW2仞xLS{يϺ*Lnj{g9HY߂S*_Z<O_/G{vH\Z|uKKi$dHO}]%fr\rwO\n959	e)9*<3)D+w}ãLĦJ\ZE=<NMz\nVkTtvǍa	u:~D[\Zfo4៹o{ʃoZT@gҿc\nGZK޼*UU>?Hswގ0ޣOokeaV}\\chQgnh8(]CqϝF2[6d/qşr~-ϵw+1wݨ7^ԕ̥_V\\>\nؑp^x\rs`M)|fU꘽U}Iڨl?PG7JuEFQNa7h[J^z=C?MXNa	,\"T<{}hQ\nGSxԘz\rQC?[oW@>V;zJ4l!bv吏O,cB=Qzԣ/o?>}_Ia=V~S&IՓI/ʉ512թ\rV2=>=l;V3ƂRz-OWmA.4s߷={s[}9.hV{Eߎw4f;^}qde\0e@`߱=&aRy&Tt[nxfvl#޳j<FIVueuky߬QT=P3-tQR\0\'x	#&QzԣG=QzԣG=QzԣG=QzԣG=QzԣG=QzԣG=QzԣG=QzԣG=QzԣG=QzԣG=QzԣG=QzԣG=QzԣG=L\0=uSVe\0\0\0\0IENDB`PK\0\0tN\0\0\0\0\0\0\0\0\0\0\0\0\0\0\0settings.xmlYr8}߯`N!%\'!YLn߄}Md]$Я_ن.qӝ٧K:r}tz\ZsֱZ}(_Mf.7@?˹t\"T ]-sgYq`\\N,靡X奝tY7T>{?\"~.ȓɂu;s;lIk\rwu}6@MimZijKtU=_@%3	 3ݠDzre\r;W 2jU{\'O.W:w^ׅo$jSPlI۠TB3\Z|p4-9# /%|PN\rc!QܡJK<yWs~\\E?1bW(N8E}Swjro\0+}J<w6,[;i۬|PQ)4JNA&[T\\$wA=Gd@5T\"r䒇j8[+SKdlNDewzG9\0<	H@\n	f	]#*SS12hr^{5P	:8SL&@}61$S-5oXxpLzP칍(?]];*g%Ne$HEV5 )?\00UőrW/\'{<k*+o<cÏ6_	[5Ko	F $}\\tʷ+oEI0rmӲ=c}`K}7B(#7!A𑤄W1)96Qwm7+̯U4ޛR\"ZASܕcYC~J1a˺\rCe]+Rw/~!Ȩ\nǄ6%qqN$ϯ)\'bS#(b{	-QL_:0 B|?Ti]~~\rPK\0\0\0\0PK\0\0tN\0\0\0\0\0\0\0\0\0\0\0\0\0\0\0content.xmlZYo6~0\\hȲlg\"ۇhnF6(uYr,/eoR/\\ pbǹ8Ttj<N݂\r[kԅ8PY.nt(Gpĉr\0H#AKQV:\"Պ\'಴2؊,Ҟ SaE}n*9Z=,RȶEgp1ph\'aE`	sm`q\"4L)	cEx5 Ձi,S8\Z33\",WCJ+Dj{edq+SFLeyyAUɞu;^B/v*%6!αa\\|DFgXz{pg5~\ZlP*-#jwznPa|f*`CЩPӷ`[s\n+uw<T;1EJ_Lqe 5,#TO*\Z*3R)<-mUùHzJsCK3u:йojHzWʾ_m=gclRkAZ]#X>qe:p+ywļba!Ρeqq.l*5ޚBr!T\n\"ł:\'&g&ݴJJ+ 8Qzs)k\">@KLi[?A=\'ϮlĊJ]+SgYٍ˝b|RO`qsaPd磉\0њ\0&*K\Z3ztN%:^e36&&bYSzpt::W0	,)\Zf\"y6 L+Ob66UPzsYe|2m{p51aIC]hcLD%_c}$o\'yK\',l7HX?idWvm*fvē3\0us\ZT1KNKvmг\0\'L&L\"̃֏FM6aQi4&Am\\/EⲭNW=Ng_[ꢰ6zOt3A0nck;~xwퟝ׃QuBXZEHg̸}nS,\'k;ޤ|WfzzlWC]\r?_`\Z\ZU别jnfx*)kH%mw@6Wx=Uoq	3\n^3N;F;/?F}P9鏹GY	B\\#J%qz]3;9}=17N.|@<09aIA0tG=\'TRٺBgsvKf&m/HD?H&eRװww\nsPkח\\,~x$ANϸ7(\'[^iqtMj]q\'}Z?GHꙊv~8<K͗dC39$ϔ {`ЇM+A=i	&\"<[&fGEH2<|DGs<?d;	dؽGA6!`9\rtzݻwivr\\>9p\\ς~%Z\'KDUޤw-o/PKJ\0\0)0\0\0PK\0\0tN\0\0\0\0\0\0\0\0\0\0\0\0\0\0\0meta.xml͎0<Edfq2ҌEbWbpq&qکN^ʚ\rJb\"0JeuySۗ%K+6\nVeigm{svs/=Y-sТ2?7GN8HRUWWTw))hz	Y٩JKЄ/8FiF>8)6%a[`|PNws\rIi۲3iY&yM8j)5Ҋe\\,ʼɊ- 潚CV}L/[%4\r>{\0l]>g\'1=<+3v|g;:CûAiט?;.	WPJD۽,`|<ZDZZVEV\"Ƚ\rPK[:\"\0\0N\0\0PK\0\0tN\0\0\0\0\0\0\0\0\0\0\0\0\n\0\0\0styles.xmlY[o6~߯h)yX1t@[tlR@Ri]5֭IDw?CN悰b.#ERdk\'+$ƫUyXx \\\\/V	\"VʱXxJ\\XUKl7%>ȩ\nےE7Wt~M)*|4HYDtX()>*~qxΖegʊSJSrZl%Oa*|iD=vU\\NSԔi.]lqPY$Ce4es$#}IS\\|Z\n2UI9yݔg9J$;yng{N$\rx|#\Z;|hNEsQ͏BKƥ#N/v`KխxYxB\"	v/Z5YY*K0)Ĥ1>5[44#;ϐVa%ls[\ZTXd\\5[/BݛPTY8Lƞ)S3E1S2\r{Y\\/Oy-* H,YhNqC%O;83{-\nd]C=(\':6ԞoyZ\rJG!q9^-3C@f^w\\Z9C~1~X㦝Hp*Z7yVsT Ɣ^\"2mPBa.	tf\nРABDjKy2J9\n)[QTd`z b!9{F\ZcXǭډ^ժ.y%]nWC\\FZ0yW?u-dD\n(HzNG\\qqhYudwczg+(87Z6mYlkAѠͰ78c96>0y,v6*UZmL?:f)\"M#Rk:vj^c.9h?ɧkv,img\\e$zfRͿRl*]cZXٷ׭S<)%q=w@;3	9WE[}\Z)r-F0JȞ$U rl\r(dkƙ:mWnΝsїq\Z.	1YVq]`+FʘP\n0_hL~Rcƻ%#=SX|3kdR)&\\p(˨O24\nM*2>)u\0r偼9d;11p_aN+uZxS0wFohizpR+Є{cOͿ%繁um9|C.E4D.ͬ?ƦHl\r#@@۔^v?npZ9N8uzPi:C6`+)DY[\rzs}}}v둲cqM4ށglVR?(ڦ{zeo3e=ړ?SG\"$6!AZC::C#G{*(/?XlDDQf<KGJ8Cb@Y.@3^8眛PK9U\0\0\'\0\0PK\0\0\0\0tN\0\0\0\0\0\0\0\0\0\0\0\0\0\0\0Configurations2/toolbar/PK\0\0\0\0tN\0\0\0\0\0\0\0\0\0\0\0\0\0\0\0Configurations2/progressbar/PK\0\0\0\0tN\0\0\0\0\0\0\0\0\0\0\0\0\Z\0\0\0Configurations2/toolpanel/PK\0\0\0\0tN\0\0\0\0\0\0\0\0\0\0\0\0\0\0\0Configurations2/floater/PK\0\0\0\0tN\0\0\0\0\0\0\0\0\0\0\0\0\0\0\0Configurations2/menubar/PK\0\0\0\0tN\0\0\0\0\0\0\0\0\0\0\0\0\Z\0\0\0Configurations2/statusbar/PK\0\0\0\0tN\0\0\0\0\0\0\0\0\0\0\0\0\0\0\0Configurations2/accelerator/PK\0\0\0\0tN\0\0\0\0\0\0\0\0\0\0\0\0\Z\0\0\0Configurations2/popupmenu/PK\0\0\0\0tN\0\0\0\0\0\0\0\0\0\0\0\0\0\0\0Configurations2/images/Bitmaps/PK\0\0tN\0\0\0\0\0\0\0\0\0\0\0\0\0\0\0manifest.rdf͓n0<e@/r(ʹj5X/޾VQF3ߎaȋT4c)%Hh+:.:ض+j*wn*9_-7lϳ(x<O\"8qHƴ	Bi|\Z9	fWQt렐y =:\naR @	LʄtNK3Q9`Ӄ<`+ވ^཰\\|hzczu#`2O;y.⯴vDl@ΣgUGPKh\0\0\0\0PK\0\0tN\0\0\0\0\0\0\0\0\0\0\0\0\0\0\0META-INF/manifest.xmlSKj0Fbͪ;Yz\0=vHxF!}m)%w}hT/eg,Ň|`jm)_67h 7#n)R:x ͕U=؊&\Z ~nsy4|*z2=G(PXI|))v`j:PKOL}\"zӂ\ZX!9	2Å՘^\\qq=Ywۦn:ڪRdzDXkLvuPvPPKE/\0\0\0\0PK\0\0\0\0\0tNl9.\0\0\0.\0\0\0\0\0\0\0\0\0\0\0\0\0\0\0\0\0\0\0\0mimetypePK\0\0\0\0\0tNb\0\0\0\0\0\0\0\0\0\0\0\0\0\0\0\0\0T\0\0\0Thumbnails/thumbnail.pngPK\0\0\0tN\0\0\0\0\0\0\0\0\0\0\0\0\0\0\0\0\0P\0\0settings.xmlPK\0\0\0tNJ\0\0)0\0\0\0\0\0\0\0\0\0\0\0\0\0\0\0e\0\0content.xmlPK\0\0\0tN[:\"\0\0N\0\0\0\0\0\0\0\0\0\0\0\0\0\0\0\0\0meta.xmlPK\0\0\0tN9U\0\0\'\0\0\n\0\0\0\0\0\0\0\0\0\0\0\0\0\0\0styles.xmlPK\0\0\0\0\0tN\0\0\0\0\0\0\0\0\0\0\0\0\0\0\0\0\0\0\0\0\0\0\0\0\0L\0\0Configurations2/toolbar/PK\0\0\0\0\0tN\0\0\0\0\0\0\0\0\0\0\0\0\0\0\0\0\0\0\0\0\0\0\0\0\0\0\0Configurations2/progressbar/PK\0\0\0\0\0tN\0\0\0\0\0\0\0\0\0\0\0\0\Z\0\0\0\0\0\0\0\0\0\0\0\0\0\0\0Configurations2/toolpanel/PK\0\0\0\0\0tN\0\0\0\0\0\0\0\0\0\0\0\0\0\0\0\0\0\0\0\0\0\0\0\0\0\0\0Configurations2/floater/PK\0\0\0\0\0tN\0\0\0\0\0\0\0\0\0\0\0\0\0\0\0\0\0\0\0\0\0\0\0\0\0*\0\0Configurations2/menubar/PK\0\0\0\0\0tN\0\0\0\0\0\0\0\0\0\0\0\0\Z\0\0\0\0\0\0\0\0\0\0\0\0\0`\0\0Configurations2/statusbar/PK\0\0\0\0\0tN\0\0\0\0\0\0\0\0\0\0\0\0\0\0\0\0\0\0\0\0\0\0\0\0\0\0\0Configurations2/accelerator/PK\0\0\0\0\0tN\0\0\0\0\0\0\0\0\0\0\0\0\Z\0\0\0\0\0\0\0\0\0\0\0\0\0\0\0Configurations2/popupmenu/PK\0\0\0\0\0tN\0\0\0\0\0\0\0\0\0\0\0\0\0\0\0\0\0\0\0\0\0\0\0\0\0\n\0\0Configurations2/images/Bitmaps/PK\0\0\0tNh\0\0\0\0\0\0\0\0\0\0\0\0\0\0\0\0\0G\0\0manifest.rdfPK\0\0\0tNE/\0\0\0\0\0\0\0\0\0\0\0\0\0\0\0\0\0\0\0META-INF/manifest.xmlPK\0\0\0\0\0\0e\0\0\0\0\0\0','drug list.ods'),(19,100001,'\r\n  Date     ,Narration                                                                                                                ,Value Dat,Debit Amount       ,Credit Amount      ,Chq/Ref Number   ,Closing Balance\r\n 01/10/19  ,CREDIT INTEREST CAPITALISED                                                                                              ,30/09/19 ,          0.00     ,        162.00     ,000000000000000        ,     18472.52  \r\n 15/10/19  ,IMPS-928820682502-NIRANJANA M PATEL,SH-HDFC-XXXXXXXX9773-QUICK PAY FT                                                    ,15/10/19 ,          0.00     ,       9000.00     ,0000928820682502       ,     27472.52  \r\n 15/10/19  ,POS 438624XXXXXX3918 PHONE MERCHANTS POS DEBIT                                                                           ,15/10/19 ,      19380.00     ,          0.00     ,0000000000008873       ,      8092.52  \r\n 22/11/19  ,IMPS-932609498799-NISHI SHIVNATH VERMA-HDFC-XXXXXXXX7077-OWN                                                             ,22/11/19 ,          0.00     ,     200000.00     ,0000932609498799       ,    208092.52  \r\n 22/11/19  ,POS 438624XXXXXX3918 VIJAY POS DEBIT                                                                                     ,22/11/19 ,      51500.00     ,          0.00     ,0000000000006122       ,    156592.52  \r\n 30/11/19  ,POS 438624XXXXXX3918 IBIBO GROUP PRIV                                                                                    ,30/11/19 ,      33470.00     ,          0.00     ,0000933422272626       ,    123122.52  \r\n','62204598_1575196150345.txt'),(20,100001,'PNG\r\n\Z\n\0\0\0\rIHDR\0\0\0\0e\0\0\0U^\0\0\0sBIT|d\0\0 \0IDATxwxUlI6B	$wP_l*bCbRD`DzOU&I\'Fz2.ل<ubwf̙ٳg=sFyTUUY,y!O9˕B!B!B\\O\n_Pg]n˻N(h4Ji4<\\ymrr7lX$-W_3ͅٶޒB!B!Bq?Fj8Yq	f$5h4r^Qtv\\̀77	Z{Ԁ$B!B!NjjήF9[S`ƾ,hI#&u1X,\ZEW`ҹQWS ?-B!B!כVո!B#2[ȗp;9:kRۚUMLk4ʕ1XƶQ*bMk4\n朋hsct}U	DU5mKFB!B!B8VE+41m%϶f..dPYsJ&U ˨΂ϸuZT(x\n=B!B!B\\O	hпy(idtIˊZld´;1\Z8s!wdqbT7Wtt0>tY0cx\Z)%%-B!B!pF##$/#BFHU66x.	Pߒ.ZM(Z\Z#VAuE9HFF3\0l.t$B!B!ntq	ߤv%*Kg9s10~\"M4ej:a!3\\\0Z3^.i4YhPh]T\r=gj$\n\0˅͒B!B!B8Nuv`\\VܿV},פcL&%/3X\0M@e4$lWIZ\\.g./$B!B!7aR޽[%%IJJOOBӣPYzetXC7`Iޯp/sG6\r]J>@B!etETT	E-zD#T~od_PUrrr	ͭj)B!lSpp)\0\"##	\r\rUE7xǏs38z(\r6CDDD@\\\\gϞA:tF\ZYxhs7ՂSAgAYB0q]u>x\rc1ޣDZ@5=\\h4#!BR׮1ڵroS-FbeEa)pY|\0T^\'\\\nֿ=ƍ5kVۻw>\0̚5{Gv!BT.ccc:G>}Q+Vj	1\Zā\ZOIIaÆt֍ƍdbkϞO`XHNN˫P)=UIrwe\\P~̼,,\ZΚ3oU_}(ŘF]$BqswDQ4X,kڦ2={K>%TUeΜyl߾7i_@\\HێX\\\\\\\nѠ(B/oGe4lVh,WyB!hFж119s~G>c,^LhhVm>+rzxsa4iB@@\0c\00\0\0/s!\Z5jXd:cR˙W`ht#)ѓ?L-۟,O_T0.:jay!7thoOB!+::q擘H^Re޼y:t$<==iڴ)`0\0Gc6y̟u]<Ŗ9w\\hԨ{?rMb01b8,[@vv6*˗s.;<x^^^1,YRￏ-[\n(F4\Z})sV)SЧO|#32>l63p\0͛ONN}baŊܹl6m̙3ݻwpe֮]CDDM\\\\t,[if6nH:u0?& ;;~jժ?K!6a4b6>h ..ӧO3`@{ 88~p\0~dyw]\'֑0ܨU,o~PoooXh0܊,WgLEAU,T\\XՆ]@`1UZ\rsks!-Z\\s\\/B!ҿ!77.0VU1c&aaag^V_FUUnfU~DQYf-!tXxG}̬YiӦ\ro5\nޅrˣ>?ڵk!==~~\nO?ׯzcv\Z.^ȲesɥP~Znk?aÆWgÆ\rc68m׬YKll,aaa<ԭ[ooo~_elذx\0mݻ2I^}bK-x3g.ٰa3f&29:B^!Vcǎ1po`{1.\\_)%U}yחe4XGApxbu߯2uIɢâjPru\n<rhȆ-㭤b&LN-;dT_dB!eԨQ<|L6}Vxxx}$y~w,E>|8\nO=?#۷ok.LWw=z4˗/{n,X^Off:yGpM8q޽Yf\rgMrr2ժU{\'njOٳ///|An?0|=zwwF͔)ShժC:ņo]x笠ŋדO>InnN֭\'N$;;۷PNn݊Fлlܸ\r62o\r\Z1qDϦMJ=/ӦMG_ԪUɓ\'(X,bE!vf4\Z1\ZKOfrrr8<K,f7\0yфbqf6[~cǎ)n1mZl4\ZM)t:\Zi<PȍvdѣjDC)*URZXuNVEb r>5	;%݅B!D	uFvv[tzrr\'y[݄|Arr^:\0t^|9̙3^GFFzrwň/۟Ϛ5^z;`00`\0N\n1c\nرc5Cjj\nڵe֭=zY3)Sиq#/_|e5⹬笸Q/:uSo/1b:Vc^ĉ.<rz ++{z^\Z6lСC>}:\0&LݝB.B!s@c}DD}AҘ7o\0uq6o\\.]<[b{m?c??.K㈉e!b!$$\'ļys#ҹ}΍\\+nt\nZ:Bt<BA˿U{FzkB`HG(&C8Z-BQ.			\0z?4k֌N:u0L/k0E̺jSNlٲ3{L\\\\\\\nխiӦ?W\0ڵkV-brxb 3f@3h |[\\Z{@@\0ZYf1yd֭˪U?Izzj⒟;rT`2ZFƍ֭}xFFZ!\'\'U/ˬ_>G5k]󒔔ʕ+[enݪcB!6Mc_[-}9P,-syy_w{k_h;w!CϏ8Ν(<`Ȝ9ݽP:W74\rE)	\\#j$o68[.4&KmjeP(X@4(nUtB!UQ-NЫW\"GF-dddp~gLҧoԩ[a^bƌ|ԨQ5/4E	c[hN:mرϊիWgбcGfϞMnn=ztq%75^\Z[Nرc4lX/zj\rFXXhזv^TUe7a̘1l޼u1d (Bq;h\n\0(gΜյ̯/5\ZM˷mhغ\"wܩLIII#<<NEbKB7mڔX<==h5K̲]e%OGb5^Xt!R$R3@ɀ0NnGpjKB!(^ǎ=z,F͛`4_=,]={п\0\r\Z;\0/<2^ϴiS2)֭[ǈ/3yyk,쩪J6mWF-_w޳OÄ	ѣ\'No;g*UдiR笤~lsVԱ|*|7=1c7hЀP@7eI`t؁ÇCҳ|\'iӆ[O!Bۙld2\Z$kG2|\0֭|mW\\e+66FQSgooo߿\Z5{L3s|G&Mطo+rJbbç<~WL,MJA/(#P|0xz`B!YMd2d\"##ީmb!%%\rOOOEQHMMl6+7_xzz1\ZsIOO+ױhHKK7@wLjj2\0:lF#aaau.䜜l7\n_ΗANNvc,yi笸cHwAgcwLrr2xzzb6Hl6NϷϋ77L&#iih4\Z}PϻB!WPZ5\\\\o|(mNi(6$\'냇lUUUN%oA{^)=P! |rF0B,F\rٝˍBi:\\#B!REQ_^\Zܛ߲p9U8|:/B![b4KάwMrIʘ,(x)*:bV [Y:kЙQ\Z]Ii4V\rTB!Dٕ6D^RR,}-yάX_\"Bq`Ϟ=:*~:zA(c%kOMC%@%[zT7L˵޸jRSB!B!z\n		Ǉe*ʦ$&&Fa2%i)4?x_>)kRCִ3.=҅B!B!FݽFD)刹FiY䜉KfŲjU5ps7ʜB!B!BGrr2G%$$UB!B!B[hdǎή-MB!B!B!*B!B!Bqk\\\rήB!Ś5k\0T^gWB!LtήB!;\nB*!BL!B!B!Rh!Bq[ D^\Z!BB!B!BQ)$-nZ[x%+nfB!(+?į+	h!B!B!BB!B!B!*$B!B!BT\n+ xnnFp*:_UOh\ncQUhU\n\nb}}vVS/noB\\QR!;s.\'\\ 7\0a\0TgY3ѿϥG]3\"3-nsn̌\n\'.0]#?<V*v/ʂEK]O7+J&NQ ;ıl^ua?n=Fڡl^\\S3AUU+n7>*c?N=N@h7CcʕŮ~+,XOG]T\']|m:v66M.؅ڵȜ\Zb\0H\nGzo4._Gz<tըjmdeoa#\'N?w q׵D;wMeh!*hHg9~1w\r9F~c?#B2p>>@̪rڮMk\"\"j]:={[v)&9~`ۮ]$%%H;4iI5u\"įٳе]-:2ak\nQp4	RLmCT/jw\rsEJ\nGYVgϾ4]Яϣo_[	qݛF\rTj]nX\nfse\Z/Ԋru[cMc/]۹߳}.RҨR%DUTG2bzzj7lo&.^ڗ<|OG֥}3֕*!xyHZT+VO<^^:ݻv5tΎ_U#kwEStsx\\HI\"!9\Z@yPKԩ8+ш^}D;ǳ/Jpßի\'?+u(\"-Y̌LTL~\ZQIODZܺFƨ$d[4XsaU\0= Ȟ9u>܊GY-L]:ubسOc2?ި;{^8U%mhma\r	啗^zj$\'\'\n<a4\Z]JעY\n+[F&>p}MJ&z\\bbc	\r	r{bKz\0hX5[ʔNKOwgǮ]K/ХS\"e,[sg0i\\]]ps)v݋xmYY_\rL4*e<LL23M9M[Uz=$~Ey8;~UT4(y5X,4ͅ\rbW=*8GPMz7n%Ťذy3F6[ƫ#\n/*ڵc`d6sXodddP^]^1#:7Yٌ6n|e~yڷm\'{\0?7sHNNjX/=:vp>\'}EHP̚N/o׺5?f:rVKÆ\ryb?y~]bm4lP\0TU%1)\\z=nPc%~%~%~]zZomZ\\aͯ,]([Þ:ĉSs%^fudedͷnYlk+>RyktB\n*%uܑtv=YGYuMxJL~lش)3fr\0V~9_Nv[c2:i\"\Z6(ԶT\\7ndw;mZbl*\\o}?s%?q!6??		4{s7\0.g,>>pfx8\0##Ծ!3g3ml:uh{oQ?$Z4k`U	ӾMq?p:MJ[dͅf͠f8ش	|| -\rԁ>A|;c*<ekݚ._V9M&Ir-\0\0 \0IDAT<ԛz.:ڇ(\ZVNϼUZ1eJe:߬,whhղ%O\r~?ߢG9j\"j֤q\0lٶjaadd\'իVEՒ^`0?qvVVEWw\'ٺm;UBCy|2nQQQjْ％unr))|2~v$00/<؏?egвyR㷸v,jbTvGӂ\n~<ԧ?#=GntϽL\Z6ݝG\'NnXy(\nqV%N^\Zu.))f|}}s29<4KiӲ|}G@Lllۚf}]f~9ZEz㉁\'dee*kiߴSMhک#YWGP<];uO+<Zlӳ}\"+ǣ6R-VClb:gcq\\B	2=39m2)ɼ7|8\Z)_;w״jќWFIzc7Yx)\rϷ3ӥcBu[r=LG.u3_֬/hwxyIJN={ߧO䝍6ϲq	/\r{V	u\"INN&1)ɾ}\0{\\|<YYYVd2Y/__GHl%nՂs{zcK?̳,7{XXr<ʺ5?3h`S~ffMJ7!ҵsG6n´Ym箝;ҷ#@[H=ODZ?%?h%#	{H6mҘK2f5wԫ[jY/]Ν>\0@rJ\n	g<q͚4=G:ڷmc_V\\>whҸ8ۓl%}\'\n)u3Qo,S8}MFf&Jn:pbrz\'0>|,X\0SX׽<u4tr2>[lRr2ˀ~}L\\\0Ǹ{WFEqi;b]k,:҇=urWq1\\ҾJtd`C֛|4}Әwx{sGOJr\nQCgl֔ogLV͚Sj\n=$S\'M3,Z̾}iì_cXt9yFS%ת_`}cSdZ-\rș(ZnN\'6./቏n$\\LVv>>&[4E_<۶ϫy~S}ªO292ؾ=h~RIq.\n{1cb7z)ۛǶIrfJrF61-h5\ng/Sj\0ێ\\ ǝ.34P/+FnioLc{~-zǎQeDyi{}dd-gάDF`lk۶䮞K-CW]оMk\0ulߖ˖:Zժ#@tt4\05kؗ>rg^V`0QM[B_~)3fq)&*T	\r(s^C`@\0\ZˉDFFX;H%@Wt%kټ9=bzz nƪᅡO\n>ɬo0ɫ{\ZWr\Z?L?{1cʗK֛Imܜ\'~$m*Kh.֩JY$f7pC::7nQl~~ԨQp={\0}z?®{\0ط \Z/2gS>rPPqrҾm|}	\n\nΕw>>t؁azopW~X+Bi	z}\'lƑ={Щ}b, 6.R_\0Tص{)tؾ\\g))Чt7Bǎz5̘gĉ_}&@t4LYϻ\Z5\\h֤	6lvd\0mKP\"o?ݽ\\ё}UFߙ/<4CԹsp\nvp` 	J<y83~+-va[	j(?Ƿ{?[m6v-55?o`֔/Àc*Vbk\'їb~^KNqFlشSOY&gΞ%4$/RjXyM&U\r(3ww9Wy}\\hYx\ZR.SAz7_sEW>k8IZZ\Z\0^y.vˑ(x{|uj;k&7\0\nGdF1*XTB\0Or&TUb)>ypEfSP5,\0?Ν`.-KS_Hnn.,Pt%ʶ}t[/ŋLr?WT422~Mff&b&v==ILLJh(8v-7l6oWNN.r\\]]0\Z0\\KįoI$~K֠7߀sQE鳾؉RT\\a!Vü3NR0	}=6g6S`w<yҧ$OC͚ChT#G\n13\nkU.9$@7n̾iټII~A/Xhdv+Kgn\rZ5kмYDmiߦ-ݻv_6~ogxa}N9-_ye\\p;Lcps㫉J<2@;8t^wUj99g@Z0d5	`XL&ʲn[fŗtUE1э%+VЧe֭|0]trt_ös3$8o/bN@.V)cJZΙjOikSkG]OrryIKX,|Wԭ[~KݻN_+\0Gߧגiڨ-!19ǎSyU&gh߶-/FӵKӲjp%VCggˢCy]Mb.z0\Z(|Ƽ~>>޻^4~lެ	[]s[GiMW\\檧yP9LM8p:qh5eFd|<\\+yy_	oc/S+n..ǥU/gQkJdD-{QjϞ=$&%FQI(:ңVxx:0I^%~w+oqJ?o~ƾ~>޻7.[Yl{wýp^0.֩J䕘}ua<dFF@.M_ܗz9ISK-i&hIPjU9CHɗh<a<{;=g/\\wfbpuC6h\ZItL,չn@w3gd6jgZ\'$IH#BCKH 6>+y]v޽$|pA?PKXLTJ]2qT8IllZ6ZV\ZMxߢSڎ12,ޥk%k`\Z$Jï)i0^:pȿ;~.;Q&B|B^uIvvY>-z\Z?+wecKxlIJNaj9qT+פQ#>p&N}7s5MeYkX h\ZA٪iJX7&J]HdXtMj؁V*ZCGؗ]rb [jێ/GWZ5t:{/W~lތKb*rА4\Z-Μ/HzF&$?			Fsa0@L1ߊ&{{į͑x~\ZEę̐C|X>p;sQsBW\"jB\rÔS4jvw2rٱc??09v$-h@лhָ1DiV6vnڴ1~\Z5_믥hhټ_xs8z=ju];]p:]#	233q<=d;v9<4Kݝƍ\Z9ѹC{?@LLu:my\\f3,Y_~	ZG<=Çý[G?:daPbU,Zϻ䔔\ncѲE3oȟ7ҭsgT0COGqd_pyk;G]GJj\Z!%UZ֮U\ZFcW7?~TIXt4oiI7>^hGnջ@t:WGpIֵ\Zlfxۧ+իU%!!Lqv2i{YGڷkï\'x\nʶ;ѭϜeɊ;]֌}F177<H͓Y$~Ey93~U@@V<]-j엽u\ZV\'15\\ټ1IԯkE/OO_|5͍/B&M\n~|5m\Z\ZBIJJfM=DԪyG?+\0DFrTE%}e>7Rz52k6zɠ];wd<=	\\\r~Y+իPf8ǎ\0::NϏ˗j5.g+nDoœ=f޽,[r	>;v;vJarڴf2p3ѾnFyyݰMs)mT??8|\"GqG0vMfva%C\ZV@\\_}@Mԫ[ǡj#۰_֬e9r_vCmfۮ](X/W/}2̫Jh(;{wq;WgàȠX|%}]}gdr6*\nBL\\,u6oq|:ڎU?x\0鉢(yYZ-;Fֹy:axnW`^y8Ͼ2{}Rz5uxxx+qg̝|uDay㳨ѧEmSھJ^aY˸1b֩MJ_P*]ݙWzs$ahZ.vDQmQw}ZMfX.\0&OQhq\rX7\0#kT{\nMV[DV{ub[ʔ13	1_A~gSfbҔ鄄3x@,߯];w⭑c4kZ1w|&00)+Q,JP_ch݄.Z|=\rD˨*_\rReky|9e:ozHVx+80|||>Uf;_=?)4¸/$5-jUxt֪Yyg2}&IIxzzдqc>թx\nf|-:\r\ZWV\Z5ػo?^^[\ZBRr2)iuYs!#{ǯ̀}رs_?]|ݷ2c&_NFpH0`YoΝz4_L7/(2wN@~\r14Sq}Ʃpp*\']}=M4:T<͚6f_[7kִ1M\Z;\\?G	<l{YdYYWΧ!88Ⱦ}dDM\"##.\r}ŚW`]wΞNۛQoci߶\r5Ҳ8la-t:iҸ!3\'戎6aUp5m7A\'`(4u^NoU||yMnM2ge^o]o0@dsB~͝=o|Ϥ)SHIM#J(ڷcP@1w/ۛvyEŧ#۔/Gbs̘\r~uDl<=2rzRp$|<nϾ8\0,EoMSiZM#j6%_XiQ7qxO?ymG5n؀~+`Zᜍ:G>&O4BjZ\Z~ⷲ(;_XEff&CX^:ݻv)S[M*Bkp+7ej5=_#6wTEG\\rw$ϓ{ZGbXf_KT繡OqwήJ$~EQn]f\rw_\nq\rXIVFC/Fxuz1~W^ͽжQgs:;EaiJ};ejB8wۇX,۟})vo?]?kXml%ۚn3|i֬ZQfi!~Rs@KZܴ$-nf\'ܭwP7h47щ$$S#ğwcOYx*Y}Lt%q\"gW纓+	hq3+KZlO<f{\"tԅhIxj֬	p%@/keђlI8;)m7	7)m[f[\'9Uh!ʫ,=piԭ]&~5O8uӵFz(&(B!@U@:^S괬KҧW۴\nʕE\\;WK11x׫Ƿ3]\Zt~HI\n!\'c:$6ccf[ʻQS1<n/GNתy+K~1\\yk7d-m	璶p3F#$%h۪V)6q-gI@!\rLQ$TPQP\0EEeX$se\":UQQT7*OgWCT\0_!p.\'Ӊ׊waittjևO~^;<a5ήBݬoY2!nABXI6\rcKֻ\\w$+X;ëܙo1:7nA]j	Q\"BC\n\"?+ B!B!$	h!B!B!BB!B!B!*~sG!B2Zf\rw!D^{B!(-B!B!RHZ!B!B!D-XuB!BQdB!n6JVf-B!B!B!B!B!*B8B!B!*(ήQh$1181\ZM^`0?z*-(ΒB!BQE)}SBTKR(RЩii>uXBBPJ(.z=>\0$\'k4ťK1۷\"\"#B__!B!پsڒζ$=9|¬,N<I\\|<\Z5\"44šp!]6nnnTq!cTUEUU&#ΓlvvB!B4Z-TVV(#J@r!\"##p 13Os)7oB8&ocV&B!g!s\ZVBT:Sо}kvd$R\"?%OKMhNB!BM(2	FdNh!*ڍ֔2**K;+,˝wIKDEEUXBlI4C\\!B!P\0\'bб֑:{ʍ.C.\0\0 \0IDATn݆NX!TUd2]!B!!+&c$MСCth_9gwww:޽{ʪqw!B!7*ɓ\'i7Kdd$\'O}	q.B!B!n]UStjZ\ZqԊnA\\|<W哞Q\'s!B!iƌ̘1ˑ|~08\Z:\\pI\Z5lT73xo\0L\Zy+׻Шa#N<I؉(l!V;vs\04lpmZKxzz\00wP~T)uSF3ʾo!*33׳o>Ο?@i֬=z5B!B[Ǚ7o			ez]`` nݺRm۶o>WHu([U9bɊlk+qmD.Õ\\\'_vh;<*o=RFH\nXւe]ņ\0EUw* \"(JGA H(a($!ͼ3	\\W.99g	sw򕐐N7X\'\ZR4l5tݿ!=dʲ:~(C˿Y?]:C$I\'O&FkС>]͛5e38.#YF}}ѭުɓ\'Į3fرc\Z\Z/R-[T=zZub޼yرvZS\0\0@|JNNuIII?|Zoyf\Z~U<x0mz7+bj]V&IcFeSYY%ϟW@*~.>OjOI\r\Z#I;uҞ}lBoٺM1oP^kTz5m>T:|~)W Fkٲez,YPP&L͚5K={;3<SS2dڶm[룣믿*66V9994i,wܩC)11QjѢ`Y%믿j޽JMM4iϯX+VСC4rH˜gΜe.j/B7tڴiSi޼kt/RqM6֭%U[\0\0\0Q٬d5h/q5*4]QQjWw|]aVFW_/^P\'OӴ%ϱJeذa.,+|Ԑ3aC%$\\z\0`:##S-$=C׻圇v鬮]:ki/;4kms(>_W_BjKӧK/I*\n{9͚5K:tfqɩ剮/pio)$$D-ZKԮ];5jHڸqV\\{G^z[ڱc.\\I&`0X){{{>ZhΝ\nQll5kVٳgAy3*~\0\0\0!99YZf$nT*{͚5jР\Zҷ7u/\Z@gegKBC5g$?__}2gvטꪖT3߮OIT*Ζk\"|$WWe_|a.C֯WfV:w*|.GQbR~V5(|BpBhT͛ս{R+byf!Uqy=CZv\Z5j3gj;wȑ#~YF?C׀`*܂꫚?մiS;۴b\nM6MǏ\r\ZEIBCC5sLy睖yxxhݺuٳ:w!ChڶmL@}:||||4j(͘1C...{cرC&MR@@J݃M6MWZZnF}С$)--M>~5jȲܬyTGΝu뭷ڲe4g\r:̼966?pc+VPAAԱcGsOK**qF;wU+7nܨ6mXpQ5iDիuyzzjРAVח,~I)))rvvVf4bĈJϕ+WTLLbbb~zkɊԯdM6߿7o7o8:uJ>>>+OISf8999iȐ!V͛Wz\0\0\0\rYfO\\]]sIsQMDFFj˖-QVr\r\Z4xd]MAAAׯ_߆k+\\RE_U\Z[PP(\'G\n/ʶI,IN*(^#\"JF, xuTW\rKfG#F8p@w_rJ߿ϟ_\0\'ɓ\'}v驧RnnUٳg^/_]Ǐx\rկ__ƍӬYkINEiܹj߾e0q?W~]vUH}/_^YYYZtz-lR111z\'iӦiѢE:yd%8MM6iҥjԨ/^+::Z^^^zk۶mc=V]sjʕZr7N111rww׮]?xtnn,AjsWUիW[nw}_pA\'Nнku<::Z-Z$]VIIIe0f͚rWgggkʕ,9ss%ǭ#ZthԀԠAzmi{n\Z5Jw}hѢ*ؽ{ƎO^zʦ[7|8oF>/P\0\0\02󦀒6*Tsm,Ԛ5k,}*((Ȳ\0l	\rAÇE\02ݳYg\rZug]n#ݱEA&-{\\??TLlVbӚ\n\"t =UiSN`azw=_[*\'Ȩf[.վ$s\\~KeB2NanW(?gjO\\bbb\\\\YuIIIѲe/ƋΞ=fhÆ\rĉ%۷5dI#<bXFF>-[Lwq$Y!:tHFQC\Z7nWytwjV>Csaaaz7/kڴiU/++K٣믿[]VŋauRYfWy駟խ[7yyyUi|Yc>e˖d2[ǏڈdRΝ+^dѣGիW/\Z?~\Z5j$I\Z<x2ȐdR&OOOKΕeԩ屷-[Xmڴ|?Wu]_wu\n޽{կ_?IR-,ݻw+>>^M4\0\0\0ײ䯺kbzgBhIVٗl__~$|˖--Azxx}/ilu\Zt0Nwp)36d9K_.Z={m@_e߄jZj맘ߕ)7LY!AAWkϥnv1FK,I7pڙKQHRËuKKXȑ#S>}J׺uk[-Zаa4tP9R..Z֭[[9\"\"B/߯ItnqGQNNN8qBGUAA\nכnɪVrm0[$\r\Z(!!ARQYF~e),,ԲeUӣ>LkŊz衇tm۶*دHdd$9sFUllF%Hƍ۟BBBGEjѢZn-\nϕd2Uض,ڴiΝ;I*[RRM6iXl;;;[mX\0\0\0ײe)]UU|OVVVxٳg[W%/m6X<|0a\\o߿v\n͊mZx{N=N[zEg~eddڤħtѕM==zSfetXhxeZ ii]V,?@{Wzz<<<Թ؊KaO<YUЗn\Zg⁴<GY1RRV2%Jӆ\rm6㏚6mz-EDDյT-x aÆŋ租~ɲ*̟HNNO{`zVsʼ+Sr?I{ZZt\n\n\nt=jVtt\n9sXښL&\\R%ԩSJII)Rc,y\rƏSNȑ#駟/C犏[Y?eݯŋoԈ#\'NhҥV*\n+R,QPK]\0\0p-8qUZUe.gV2Tfl&JЮ~$|FyHGYfգ/akٷ_[ٮaCWb|9B@앗_nn+\n\r	щ\'k+##k*//_C*+|Mt)ZUp%Сë~ͥVVy河޽{-Ig˖-䤟vvvӧ}]8p@VDDΟ?oicYZǏ+11Q/\Z6l({{{8pSa]6m࠵kזy|,~w>;o[3|ָqFL&٩Ez裏Z5`\0zVEFF*$$Ԋ}||d0,+%)))7*BCC5p@=JNNٳg+=W|[!%%EYYY[!\n[Yd3gTkgK\0\0௬e˖1cf̘aVxUUBk0>wmUu2_77RZlI*1m:g$y%f]:}?on\'c@*.epI.WWKGm,I\"Ӗmzw6nULZÀkΝJn7(.&&F~\Z3fq۷OzPzgkժU:q6lؠu)\"\"Bo8gj2jڴ$O>Z`ɓ\'2ԬqrssQQQV+w%)44T۷oWll%$~-%&ׯ\'jҤIꫯtqڵK\'OVTT5vXVNNLbu*wj\"**J/9\'\'GqqqS^^$i:w+..NqqqgZd\"ggg[}IUМR.Ҕ0IE+۵k͛7@ڼys566V۷oW||u!IESEJ[Q[LӧlyyyQGӪlYIڵk;vNݻ[*>>ުMe.z\0\0\0Ԟ\r\ZBO>]ӧO/7|E79>i|,\n9`V<6RgI׻\\]ui%[؄Kc\\\\+BkRq$&%)aś6Ug7~=s{ڳwFRɓz*E\'IJHL_Ρ<e=nnn\Z3ff͚eB*1cƔNxE>#={Ov풳s=}tiĉ:5kw}W^^^ڲef͚jJ+V~*88X>>>z?;.\\zg^xA?ɓ5~x~ӱcii3{l_TllԷo_K9sTFV!je.9^u]pMGoyѢEvnҤ%ɲٓO>)F[NrssSppnj>tL&SGQӦMJ~:TW֬Y=ze\'N(<<\\yyyjРF-///{nϞ=VVԏ$C~̙#M<YÇƍn:իWO={ƍ+ecK;v6n(\Z5Jի\0\0PF*ѣG_4|ܹSRϋO,֞Av/!	ͺtЏk7h½./7WWeegW\'%I~5.&Lgye\r:TNU ##S/&SIukjKnedd,|.nmpyU?uҹ6׀~\ZZ&׋ɓz~4˟qm0L/Ѩ#QSnTp-[L7pgUWl˖-ڿ!Wov)>>g@e,YVZ]չu5nƯ7O;vT׮U/6\0\0,_OIE+k#|NNN֔)Svƌ޷h޲G5s^>.`T^mf]˾Y5,{;4f*=wN=Nu萠\ZՌJfﯸsU[-YNw.Vç>KEKx~X^{-/XHPtQɮҟ撊җ]5t]:t͛5|;AAAСf̘Qf;wTjj:v쨳g\'ԠAQ#!!!뮙q\0\0pm=z͛7[\n\nR˖-k솙ԆYumI**W|dAz/to嗼,Q?S{+)Zc۴)\\u۶+1)Jw\n/؄j$]HOWDDPUЗ*??O6mR.]yY+8y~z쑇ԮGu+m駟~ĉu	h,r\\\ZV@\0\06kLy|r襗^t+m	u|׊JВtAyzze˳+JOOWv.x_ݕ@\0\0\0\0=Ѐm]to=4o\\ǎSZZ\'cǎy6\0\0\0\0\0\0\0p@m۶ڹsl6xVVvܩnA6N2\0\0\0\0J+jެB謬,EDVfSײ98:*?vo&\0\0\0\0P\\98:]!!!jM6j9Tm\Z*$$`x6\0\0\0\0kQB9{xJ\"xE5		vءf͚)iS9::h<8~\\ǎ\r7g20ɣUX 9:0\0\0\0\0\0Usgfk!;+T:zծm;4rxԼysj>6f26\Z2L*/P̒XXǳ\0\0\0\0CAAvvE\'jWsjX(Sh:v06UyyHOWRr_͚7ML&S_s\0\0\0\0\0؂9`6e~]\0,??_ϟWBBUPP$OO/98U\nIgh\0\0\0\0%|l/@z>\0\0\0\0.Bh\0מJ7!p32L\'\0\0\0\0ԶfgE\0\r\\#Jc_<\0\0\0\06&\03{z\0\0\0\0\0\0\0 ࣎4m٦\0\0\0\0\0\0pU:US5j߮_dpr{;\0\0\0\0\0\0\0p\r#\0\0\0\0\0\0\04\0\0\0\0\0\0\0&\0\0\0\0\0\0\06A\0\r\0\0\0\0\0\0\0	\0]\n\0\0\0\0\0\0\Z\0\0\0\0\0\0\0`\0\0\0\0\0\0\0\0 \0\0\0\0\0\0\04\0\0\0\0\0\0\0&\0\0\0\0\0\0\06A\0\r\0\0\0\0\0\0\0	h\0\0\0\0\0\0\0M@\0\0\0\0\0\0\0l\0\Z\0\0\0\0\0\0\0`\0\0\0\0\0\0\0\0 \0\0\0\0\0\0\04\0\0\0\0\0\0\0&?X\0\0 \0IDAT\0\0\0\0\0\0\06A\0\r\0\0\0\0\0\0\0	h\0\0\0\0\0\0\0M8<ef稰XS\0\0\0\0\0\"E.Nu=ZQ.dd)\'7\0\0\0\0\0pE+,4BF\nV39y\0\0\0\0\0\0Ր\\=Qgssz\n\0\0\0\0\0\0W2\\MQg\n\n\nz\n\0\0\0\0\0\0W2\\M\0\0\0\0\0\0\06A\0\r\0\0\0\0\0\0\0	h\0\0\0\0\0\0\0M@\0\0\0\0\0\0\0l\0\Z\0\0\0\0\0\0\0`\0\0\0\0\0\0\0\0 \0\0\0\0\0\0\04\0\0\0\0\0\0\0&\0\0\0\0\0\0\06A\0\r\0\0\0\0\0\0\0	h\0\0\0\0\0\0\0M@\0\0\0\0\0\0\0l\0\Z\0\0\0\0\0\0\0`\0\0\0\0\0\0\0\0 \0\0\0\0\0\0\04\0\0\0\0\0\0\0&\0\0\0\0\0\0\06A\0\r\0\0\0\0\0\0\0	h\0\0\0\0\0\0\0M@\0\0\0\0\0\0\0l\0\Z\0\0\0\0\0\0\0`\0\0\0\0\0\0\0\0 \0\0\0\0\0\0\04\0\0\0\0\0\0\0&\0\0\0\0\0\0\06A\0\r\0\0\0\0\0\0\0	h\0\0\0\0\0\0\0M@\0\0\0\0\0\0\0l\0\Z\0\0\0\0\0\0\0`\0\0\0\0\0\0\0\0 \0\0\0\0\0\0\04\0\0\0\0\0\0\0&\0\0\0\0\0\0\06A\0\r\0\0\0\0\0\0\0	h\0\0\0\0\0\0\0M@\0\0\0\0\0\0\0l\0\Z\0\0\0\0\0\0\0`\0\0\0\0\0\0\0\0 \0\0\0\0\0\0\04\0\0\0\0\0\0\0&\0\0\0\0\0\0\06A\0\r\0\0\0\0\0\0\0	h\0\0\0\0\0\0\0M@\0\0\0\0\0\0\0l\0\Z\0\0\0\0\0\0\0`\0\0\0\0\0\0\0\0 \0\0\0\0\0\0\04\0\0\0\0\0\0\0&\0\0\0\0\0\0\06A\0\r\0\0\0\0\0\0\0	h\0\0\0\0\0\0\0M@\0\0\0\0\0\0\0l\0\Z\0\0\0\0\0\0\0`\0\0\0\0\0\0\0\0 \0\0\0\0\0\0\04\0\0\0\0\0\0\0&\0\0\0\0\0\0\06A\0\r\0\0\0\0\0\0\0	h\0\0\0\0\0\0\0M8]S\0nu=\0\0\0\0\0Pq2z\n\0\0\0\0\0\0_\Z%8\0\0\0\0\0\0\0\06A\0\r\0\0\0\0\0\0\0	h\0\0\0\0\0\0\0M@\0\0\0\0\0\0\0l\0\Z\0\0\0\0\0\0\0`\0\0\0\0\0\0\0\0 \0\0\0\0\0\0\04\0\0\0\0\0\0\0&\0\0\0\0\0\0\06A\0\r\0\0\0\0\0\0\0	h\0\0\0\0\0\0\0M@\0\0\0\0\0\0\0l\0\Z\0\0\0\0\0\0\0`\0\0\0\0\0\0\0\0 \0\0\0\0\0\0\04\0\0\0\0\0\0\0&\0\0\0\0\0\0\06P\0&wG<roxG.sJߝۨ{&]9hpP[cְls+r5ө\0\0\0\0\0X\rt:a]OAG3Ocszj\0\0\0\0\0\0F\ZZyn5//$遐;5hs1O2v8g\0\0\0\0\0k4P}n\"G=<v&Q?\'s9	vҰ~Pd؈u C_t)gk잧%Iw7]!Iz\'SmKޭ-+n̂,;=OB~^Y->Jb\'µ*vNgNC50unkt CS[=mɻ\'d@z d\r~*Oբӫ?_P}GO\r!;gIR1WKc{\"?g\r C5^5\0\0\0\0\0\0\\n\0j`ךsu>?vwr^l\ro4Xn&v2gIґң%IvB茢m=[Uyc{;{I=/OPf~Z{6$]GYե~lkkwJ\';GIfS1Om?KT	XU\'ۨurs;LV^\0\0\0\0\0\0n@5(ט1ߗ&5o$=4BoyV{}}j[$H\0B\rvӠ3+XMTCg?9Ti~<XKe5zs,UǛޫ)-\'ֆdIbk}T	7x4U.~$Uc~O?\"^j\nK\\/i<Ly<<`z<Jw\\,\'*\0\0\0\0\0\0Jp\05tw۴9a6$:q\\&2sK\\|u6;^gc-+d$pXM݃ɻ6%б(̔$jY|{j)\nÓrSo*Z}oRm{$CѪ?ҏ)ǘk9nֳAۢgo̗ϒԭ~Gcs8|c~sss%&MM;g+j<L.J|UIdT1OI_y\0\0\0\0\0+4PCN5a?:AcV|FA$$R\'妪wڻHIedDp6JV1OΫi_VMuWԵ~Rm},/K**a^)-I^\'秪圻屋ßפfV)-\'j/u\"3F+kUܭE*Yߞ۠s9	2L\no\0\0\0\0\0\0\0%oZU[usV<BZ{^jDkC`6͵76%dTu/Jbj.KQI\0Uf<cryrs$2AꯅGMgsuBvׯ#5}Ndhrsa*-P)?Ty\0\0\0\0\0nQ\Zގ^\0dҮεN&||Ե~GunlLU\Zm$֞uሢ3NGV צ,+Iߖ<ܬٖ8\"hS`Frsr9ZM]4Mk\Zh2*)7Eљǋv	Ԑ^jRʤjh\0\0\0\0\0\0\\X\r\\hMO,̲:襡}&n^uYgGQ]\\]귗g\0`ƖR{֤_%Iln\'W{|\\RZ~^*uXx=y:kGIm\rW?7{W}rJlv]Խr$I\'Kw^isza{\0\0\0\0\0KC\0\r\\\"{wl<DN,uбM;>a>7x.h&g;\'\Z֫6>n[IKu{@ػ軸MږG{u^w7]m<[jOڗv엗8PCT?oG/u|r~=4.rs-]t8㸶$ԺmA/zRbVi]/ښ\0\Z\0\0\0\0\0\nf0u#!9NȨFr5өG\0\0\0\0\0UkԾ]\\\r\0\0\0\0\0\0\0	h\0\0\0\0\0\0\0MP\Z@}齺\0\0\0\0\0\0\"\0\0\0\0\0\0\04\0\0\0\0\0\0\0&\0\0\0\0\0\0\06A\0\r\0\0\0\0\0\0\0	h\0\0\0\0\0\0\0M@\0\0\0\0\0\0\0l\0\Z\0\0\0\0\0\0\0`\0\0\0\0\0\0\0\0 \0\0\0\0\0\0\04\0\0\0\0\0\0\0&\0\0\0\0\0\0\06A\0\r\0\0\0\0\0\0\0	h\0\0\0\0\0\0\0M@\0\0\0\0\0\0\0l¡\'\0}]Ofdfe\0\01nu=\0\0\0T4Y\0\0\0\0\0\0%8\0\0\0\0\0\0\0\06A\0\r\0\0\0\0\0\0\0	h\0\0\0\0\0\0\0M@\0\0\0\0\0\0\0l\0\Z\0\0\0\0\0\0\0`\0\0\0\0\0\0\0\0 \0\0\0\0\0\0\04\0\0\0\0\0\0\0&\0\0\0\0\0\0\06A\0\r\0\0\0\0\0\0\0	h\0\0\0\0\0\0\0M8\0\0(h+ȗh\0\0j gGGu1\0\0\0U\0+hR|R<ܯzJ\0Zs>2zJ\0\0\0h\0\'B\ZVu=\0899*qgȻg]O	\0\0\06g\0\0Wܼ|7W\0\0\\_\0\0\0@\08FQN\0k\nu=\r\0\0\04\0\0\0\0\0\0\0&\rT!CvA͊rswZ|yad-o*|.W^Q߾}ژEqNNN\nQ5l߬kwk:q﯎:h츻4mT5}\'Zho^\0\0\0\0\0*\ZT-]a36nԆe2($4ܶWƍըq#>7O?999z5sL<xPyrrrҙ3gi޽48uCK^6_\0\0\0\0\0 j`0hɒ%V\0U$&$Jڷo{ǏpuO7++a:[dW6͛#eoozJ6oҦ%jӺrrr4˯D7muj/\0\0\0\0\0@M@5лw/edfjE\'|;GV>}5z-^D&fп[ڷoN}I}#yf%&&ɧV}4j\\WXX//qw\Z>|-x>nzMpz髾豉믿Z?$}6o$iΝֽ֮[WѣGI<Z$鮻we\\.44To=C={#>\"/%\'%k[oiիc`%I&ܯ~,I`uCYYֽuhK_u^f9W_}M}\rАC5w\'21syλ\Z0p~\n\0\0\0\0\0WC\0\rc߬PrRr}=-XHn\Z=jΧ裹szjKGG\'IҬٳ`7ҴW^QÀ\05QLL^yUKxGs駟*+3Sc-ww͝/^\\|/^W_}MG=zCڿ?RLzVl!Iӧڶm+I\nlѣG+4$AG]zJ!CTf/N^aMj#e˖i3$I\rR$:jrprgΜuN}eU+)1QSYZx~\\V\0\0\0\0\0p j   @zrrr/(Mnn;aM5)zkIO[Z5lִf|O`M:EoxKt={VSRb\nI믿G~Xs@`emq$׌ogΑ#d2ټ$I{$5\rճQU請5CBBj6R?eggo駞ҿ?X&ܧN:JƎ[AA޽zIXVYW&%5U6xz_#\'=Zzͯ_͜^6M\rTR\0\0\0\0\0p5!j&I}bcϕ:쬅kɒEjٲrssGX}כJ)IrcgIRpp%LIIѡCQ*,,`U`,P@]pA\'N,oSŒ߿jT?;Gi䝣4hKyaIE͌F\r-%2_evuuU`Æ*((=GU]\Z9bd[\'UpqM7$Irrt-jW{޻w֭[K*X-\0\0\0\0\0WPy\0e׈õt2ۻTU߮ҒKuUe:<v6{x[999)/?_H/d҈CؤD5oXjZ`rĄD5nܨn%%%E)))9z=0azYԄ$ƪy$ooozI31n75㭷tQ-^D,&MaJQ...0=ey\\zMrFQw]yq`MCΙL&?Gәs/P=O5k\ZoV\':}6VYrqvV\rKMji5:r줦>D]}}Ѻ}[s34w#E:/\0\0\0\0@{kݺ׷չ;vwߕ\nՎ;4Kӣ(o]|g KؚgzK/MխÆ{YPFFV{YIR׮]Եk>^M6G֭hhdmE۷oכ3fKpyyyǩVի\'IWvv%?>Ū]M9oke(xyUbj15+\rkwX/+$yW+7:wlwcWf}tHWBȱc;3BnJIMƟ~ч}>m|kCUg0jۺ<\0\0\0\0@ݡp	|ט1d2u6sQGIBB߮+>>ATh,]:Zi-{{{nyw*]K]Ӯ][y\\\\eeO6?MyxT?F.IZ-\\HK}h֭r?s挾K^tmi{*8(HFQ		E\\#bI)*yhxvY\Z\"{{{IҎE1ffej֟Wv8;9Ufe~UR36e<[4|u^>yyzv;wȃ\Z?f{nNڴR^7oSlu]#պes5n׷O\r|Sֆ̯]VѦ;.Ì\0\0\0\0\0a4pƍ+QFFPIE|u>弤Pߟ~}Fc6;߬3>޽zѣ:xڵkgD8O?Ｃ)<<\\\Zͥ*x!ݷO>驔}ڵӐCJ])77G\"Sct:&F7V-$I~~˗ܹszգ{wS:pWRRի-駟5㭷3<\\EMi2W6mP\Z{w4ojoAYyyzhΧ\'%IF_<F\rn{ΧCtjWGQE=KʻTA*144X]oX}rvv*Byme=?\\O{liU:.Wڅt-zzvRj,X}ѤQM]\\\\4d@~w$z^ژgd5}2UKztSݬ5_/\'((&uIܢVa[|\0\0\0Z\nhyzzjܸq_w5F^^Z;;8wѝ#GN6lq\'M|PNNZw9ÇkdgW_1Gkʔ͛7ڵ>xnSggg͙&OmA~}jƌ75O`ߟ|nI۷В***JCG~(gggIرc\ZEDDh2\'T>e08pn4C\'OVϛ{@v~jwjW{^a2_PP\rIӦQ`^N~R1gbvSj\'UPFԡz5jo׬צ;4_oMy	f}Zk^;~P\0=rv*?.Ky_͞s	jټi+\n%mVOHT{P\\YϷ*,Fqz{ԣ(#+KT(hRɻV¹/^N:	cGIk`^ZZVڲmwQU?dJ*$H	][ۮ+ZPAD;H!N2?$f<y{|Z4k}BC\'Oz\'վmkeFCE\0\0\0\0*a\'NU\'jf0kG裏ڎx?8TҥK]]]5i4\n/IC!C3qM8>eEY4jdF|m&M\Z_+O\rK<yrѣ7ה)SJ?nqE]Veg9\0\0 \0IDATO\'^pxRD0qHp:\\_o-5mr(*nEnnPNNlج=V#x-^F]gd4iiZn4r@[$.?~UmEWiݲͪ_/B-E6T\\\'筈4?xXc%GTf*>bU_L1U?*aߑCŠ\0?IRpPVߤ=eh[uB<$mzm-h*ILRHpp\0\0\0\0$\0W@qs!AvuBC=-U?5]{Qڰyrsl/$&si=svm<zqVxA\njƜk\Z5^}ztQ!;pH{7iҕwx.#ϲ$I$EF7\n$Un*>.ytcE7noQq#٤%+Vk#̔jUfV/m%s$b1h+*[\0\0\0	h\0d4)*	ࢾ3DENn$PEZzE_\')	cGŨ\0ۦT[Ag%]۲yBCmߗ3.y?ѨME&Ͽ֜t.qc9E%jū/(`̼U}TDTmܲM͊W0_PPP}B\Z6P?-	nnڌbZ\0\0\0	h\0\0*F4RuBBJ-{;GLF]9Gf\"iێ4_/[\ro/x{I&;FZz&SU4V͛je_l0j*Yd*J<gg*q\\V!Aұ~X:A}\ZԋgddJrTEM>/\0\0\0\0\\؄\0\n\r32U;8.//9;ݞ]ct\\Xqe^8EKWj*!1I>e^n1+\'O}Pdm:p킁}{PVk?(nk;r&}\Z+\0\0\0\0.7-\0pE}3aQS?%?Zԡ~\\\\^s)=o|koR]`͵u1_LGPԴtkvٯ-+Aioo/\ZV)-=C-53m:|&<\rGf-_NYYSWQZb婕k7ʭD\\mvq|,]Ҭy?ٵ	Vݨ}z(t-X&4Й$gd˳±9y\0\0\0J@\Z\0pE9{.Y}sAo|ީ>fޘ&ICb+5-]>^jѬS];4j 5n@oy+o/OEE+qIa*voު_gUVv,\"I˙_b]m[kϾk&<Z_};WN.ŢW6jom}k..SZqO\'ڼ<=u˘`6oݮ0!V)iL4=+5\0\0\0\0.G)PugΖ_Dn֨\0\0I~u@a!A5\0\0)5R6UԀ\0\0\0\0\0\0\08	h\0\0\0\0\0\0\0S\0\0\0\0\0\0\08	h\0\0\0\0\0\0\0S\0\0\0\0\0\0\08	h\0\0\0\0\0\0\0S\0\0\0\0\0\0\08	h\0\0\0\0\0\0\0S\0\\v\\]\\_a\0\0yruq0\0\0\0$$\0٤3gSj:\0LRf\0\0\0N\0.;>J8sN\n\rh\0\0,7/OΜSjzBk:\0\0\08		h\0e %icZ5\0\\2/\0\0\0\\\\]\\[a\0\0\0\0\0?\Z\0\0\0\0\0\0\0\0 \r\0\0\0\0\0\0\0p\n\0\0\0\0\0\0\0\0 \r\0\0\0\0\0\0\0p\n\0\0\0\0\0\0\0\0 \r\0\0\0\0\0\0\0p\n\0\0\0\0\0\0\0\0 \r\0\0\0\0\0\0\0p\n\0\0\0\0\0\0\0\0 \r\0\0\0\0\0\0\0p\n\0\0\0\0\0\0\0\0p\0]!\0\0\0<=k:\0\0\0T\0	h\\5\0\0\0\0\0\0pE\0\0\0\0\0\0\0)H@\0\0\0\0\0\0\04\0\0\0\0\0\0\0)H@\0\0\0\0\0\0\04\0\0\0\0\0\0\0)H@\0\0\0\0\0\0\04\0\0\0\0\0\0\0)H@\0\0\0\0\0\0\04\0\0\0\0\0\0\0)H@\0\0\0\0\0\0\04\0\0\0\0\0\0\0)j:\0\0\0Z</,5\r\0$7yd\0\0\0\\vV)=+[>^\n(T!\0YnnN&$)-=KޞA\0\0\\(\0dɯG!\0W(٤u[S9y5\0\0\04\0SPP \0\'	\nP~AaM\0\0\0\'!\r\0XVM|lJ\0\0+	h\0\0\0\0\0\0\0S	!P	#G*--[֫yq|8%$$UNJWU^^LyMlQ^^|	uٮ90\Zկ__siB-[LǎW^^Ԣys3JQQU>c͘1Sݺw?~\0\0\0\0\0Kc4P\ZZ\'00OVԾ};W+V+dJǍSxD2^P8xPN\'77W?~m޽[yy2̊עŋuP	gΨw]⾗Z\0\0\0\0\0\0+*կo\Z>q$I͚5Ս7Pnߒs_zY֭ӷRll$iڴiםruuwLСCe2\Zuqh߾z)i2UyUU\0\0\0\0\0#H@N2rh)S4o<mܴIIj֬ܹSz\'ԤIcIRNNrVY$iA\Z=j%8*be=;;vLjԨtڶm+Iz\'[%I7oV>}P޽/9dֈõn:%&%)3#CFI?@;2VFг>~G]vxܹsOu/:wԹSgvY,}Ͻ:p${ｯyÆI]5lP\ZzZ~L&/JRPP3gj劏?%???\r:D7cs}׵d2\\JVk\rI&WW2p\0\0\0\0\0Qp+zߙL+!!AS^{]/M խ\'Oɓm[fkĈJNNՇ~ʱv^~>|XڷWf;SOkƍΝ:it$)$$D#FPDDDQp:lIRBKRpPӻL&1_iBEFFj!\nwsӫS^$CAAA-[hĈr3V{ߙ˖UtѶ۴tɲR>#ӔѣGC}fyW*&odj\0\0\0\0\0ெP}U\'|BI\\WWIRzzǔo\Zlխ[W?NjĉWx##<k\Z5d_|jA5#3S$%Io}:v+%5MQdd\n#77Wf4bslCjT:ڵKnnnzge2\Zuy}\n(=z(m޼EԩFT\\UTQN	&KNI$=ԓjެ\r7ߢF#G I*,(Բ˵if\0\0\0\0\0WD\Zj+v]6@yyy)##C[$խ&Ѩ|*N>x=IRaar\'IJJJR{vQNN$gnݺy?#ϯt\rIĤ$K&N I2[XXhb\nd3ڮbvJHHНwީբEpÍRc:_j2$&Q1;hlݫLb$)$NWΝmi|-_gO\0\0\0\0\0\\MH@UcTxBOO/gcqf2I?jw2.qkLV\\jZ>S˻x\\&%)44RLF5n[ެKm}O:>>$$)Iygz7tavf~;KAYʸp_(lk뗑!hn78IIg޶&S._ieESM\ZwcPXhm\rC\rGٝZ_a6şR~yRQխ.~ҕkud23d1ՠ^쪨x9w:{]?d9<\0\0\0\r	h2if7e4\Z(\"2B6n|S1}||$Iyyy͵%[SRRS\"iZQJ׋233ゟt߽JhU^|IV,sƍWɓڹs֯ߠ\r6_W((0mSK<+\'\'ǖOheWܸ-ʍ\0?;9oo/eY~8q7T\0?5v鑿ߩ0IEϾwm4L&$%i-z]gx5>;}ZиbT-YFo}0MBk;yCE_Nh_\0\0\0\0Մ4pٻh^DD I|IRaaAlmKZZ}$\\QTIƥVVѨCoѼ)80H#d4\Z-?=wyZb4p\0\rӀ5aDŝTRbe0α]d8pPMnp@7nTݕukk\Z[ 5h@ϟ׊+)OOOUxQ&\Z7jP-cq1jԠ]۵͛ʵtM$I7o;5XUލթ}[1c-XBs^I5Ƒ:a}G:t-:Uoۺ\r\0\0\0\0#@	$}v.*#2\"Bt:s&Q)ɒxtmO//Mu/(%5U[l&MTX+bܸ{رC}>sy{{)%%U%G6m޽{C3fPnnvS:\Z\rKmC9s(iM8A^/\'|q\'ko뫘Zf^\rmڲE{앻RS$\Z\'~Zbbta޽[M6U+5\'{WԯW7%hS\Z;j|G%Inޭ:!pJmݱSS]bԥc;۸O<ꦽjz^\'\ZĤZQ\".J>z;d6@;dGԏ5oOo*.$Ii۹-fup}{^rު>֩\\頒|Uhoe-c6ݽ5WdҠ~ԡ89jʖtPlRr\0\0\0\0쑀M%Zqu={j鲥io^/<>3`-_^$1Bww͙;W+WkqƩyfURL&^yy~i-]cǏ+--]jҸ.;V^i>Ն\r#_Zӧn?^&SQ)1Fi:R~E:^wu22/۵fjlwQ~\">kmy\Z8p-O{{Gjjiyyyj	rqqԜ8j*|鄫$h5\Zܯ^xgշׂ+tÈ!sX\n\nnќnϺ1vEFh߁C5\'cuE&߻̦Î=9:pF{w/ygIjX_ϞF}wVD09zފ:oE>>Z~-O[[Uއ#yW\rCtȡZg?tDcՏkw?e&pws	cG[׳_-l]\0\0\0\r	h=}Eog(9vw7}>w}e^п_n[n[n[ń$i!\Z6tHk\Z5^,Oz\'j_x\rvǮ\Z?~ƏWfC4ds/O==v]f;	RjQ&2\\\\\\*/Ojۣ͆m5rPklTI2M\Z6eh4-=CmTBbFhk\0?R\'YF7_Ĵo̬l-ZJ;vlVzj,Z׷VQ/~ފHIM5f`]ӰFTf*>R_NG7$mR3A\"U/2-[3IȡbP$)8(@oҞI@\0\0\0@H@\0(AvK\n	;\ZbwnQVvkO@MihިA6lު<j	<uZ<]E7{\\X[P\"Q-I7mՌ9?صR5/ӣu}i߁Cڻ=OԽ+te%I$EF5\n$Un*>R_;L-sq[PUٹV/YZQFfV2\\\\Z\0\0\0\0P\Z	h\0d4)*	ࢾ3踌NNnQdzi\n2v/Nf\'(0@Ǝ*QAruu`sv׶l2iߗb&Q-6QM$Iǟ9^_ܢR5U,Ry(Ke޿k6@S?L\Z5ljE~:R\0\0\0Ն4\0\0pa#[o\Z:!!Tj<hW٤aڶ7\rVbK>^Ɏ_!TV5\rUڵw;]TxαU⸺筦=	zՠ^=##V\0\0\0\0PZv\0*\Z\"7WWgdvp]^^rssw=d-Y\'ʼ6==C|q,}jUBb|˼bVE%0N:m|\n\n\ntqM[u;_ȱ:\"k\0\0\0+_o}\0\0TPNnv;`WNR\\)RmPdx]KNy[Gz;mmGie:rڴl.OO]{k~n\\QN{{{g-\\JijѬ<ݕ?o51e>oxXصW=l6kuR-U~/o/O\\Qn%ʈX,j(auM+nԀ>=:A,Qk\ZLb32Y\0\0\0JF\Z\0pE9{.Y}sAo|ީ>fޘ&ICb+5-]>^jѬS];4j 5n@oy+o/OEE+qIa*voު_gUVv,\"I˙_b]m[kϾk&<Z_};WN.ŢW6jom}k.sW/SyhӸbi_[LӏJc\0\0\0`򋣨gΖ_222j\0ʖ\Zt\0?/;h\0\0kpڶq5\0\0\0\0\0\0\0NA\Z\0\0\0\0\0\0\0$\0\0\0\0\0\0\0NA\Z\0\0\0\0\0\0\0n5\0\0\0\0\0\0\0\0௧P{Ӊ8`Px0E7n,=\0\0\0\0\0\0\0Tڞ}t!񁃇dAM(\0\0\0\0\0\0\0\'J?q41rr\0\0 \0IDAT\0\0\0\0\0\0\0rrs/F\Z\0pq1Hy5\0O\'\0\0\0\0\\v\\]]u*\\M\0N<+W7Z\0\0pbB\0ebTJj*,$PfC\0T\\ŝNRFf|<,5\0\0\04\0cAޞefekρct@\0g\\\\a\0\0p\"\r\0,yk:\0\0\0\0\0Pl\r\0\0\0\0\0\0\0$\0\0\0\0\0\0\0NA\Z\0\0\0\0\0\0\0$\0\0\0\0\0\0\0NA\Z\0\0\0\0\0\0\0$\0\0\0\0\0\0\0NA\Z\0\0\0\0\0\0\0$\0\0\0\0\0\0\0NA\Z\0\0\0\0\0\0\0$\0\0\0\0\0\0\0NA\Z\0\0\0\0\0\0\0n5\0PS.5\0\0\0\0\0\0pE#{M\0\0\0\0\0\0\0\\(\0\0\0\0\0\0\0p\n\0\0\0\0\0\0\0\0 \r\0\0\0\0\0\0\0p\n\0\0\0\0\0\0\0\0 \r\0\0\0\0\0\0\0p\n\0\0\0\0\0\0\0\0 \r\0\0\0\0\0\0\0p\n\0\0\0\0\0\0\0\0 \r\0\0\0\0\0\0\0p\n\0\0\0\0\0\0\0\0 \r\0\0\0\0\0\0\0p\n\0\0\0G\n:Zk:\0@53d6\Z-b\0\0\0T$\0B[\rd2tH\0jS甐@\\5\0\0\04\0ಓ\0?_\r	P\0\0Nb2V[.R3[˻C\0\0n\0Nn^jt\0?Aprrk:\0\0\08		h\0eP&#e7\0j`6UPXPa\0\0\0IH@\0\0\0\0\0\0\04P	W11Fk֮;wyv~-\Z{ĈXuUVU_Eyyyzgէo?uC+V,է]ڭn0A?S5;q]ݧvQ~Qv3UԩC?P\0\0\0\0\0\0.{$*ZnΝ)#3m۶:uꨀ\0b,%KdZu)2*̾~~~\nS:2ڷo3l}rrrthʔ)ڹsrse2?nnC1N8c73.2W\0\0\0\0\0<n5\0W%ׯ/:UGiNO?崱/%L$e˖\Z?n\\}\r4Hg}NVWӿ֍7 I/꪿{F\Z)ѨG{f~;-]Vj_-^\0\0\0\0\0\ZMu&8hk۰q<=V7Tiֽz쭻G6mr8vNn^<YU}*QPPO?\\coEݺЈr|K?Tl1F.丒d65fhIҙ3HW^^Ν\'IuM7ڒQQQKܹ]pܳIg\Z1\"V]v#Tvv$iz:tQVf4mc9*{^=zV;A,CرC/WzLUAAA\0\0\0\0\0UE撤ū$ԺMR}OJ=<N11ږz𡇵fRMTGUVo3fV8~G235vM;ＫӧyMEb޽?whP3FQQDMWvvQru)Gdr8O?y~P5rHkƌ/I%I[Ҙ1cfJ)S^E{hs^{\r%%&Kӂ/\0\0\0\0\04P]/IZ(9aFIRǎedfO>$K/Fj~Pj`}tCqBqKN֬Y$I/N>¶Ҷ*1>Bbb$IETtt\nŕk\ZGFF]g·Vh믿M/<Y{w&LUmڴ${#VwM?`Ky$h鲢r$}墊ιkѿn4eʫzgԯo_Io#\0\0\0\0\0\\H@UfM~SJJ6l I)N^ߔS\\o޶^>:xHyvWAԹs\'I\'Jsd׮*((`P``$|y	\rUZZ=ZꚪXSFkۯ6l(Sl(Iϋ/ȸhBCBtyr-zwaFeFƎt;z䨭IE_,Fuٮ_e[ђx\0\0\0\0\0+	UԩS\'ڽ[?E?U\r5TH>)j kHV$*,휯szjʍ)##6nIؤD5lXJNN$L&5mLM`Kx5lPR7mLt2D:ҋzid<pPӿJӿJ^z衇4hPZ</FQmׯs^wj2n.(_ieESM\ZwcPXhm\rC\rGٝZ_a6şR~yRQխVy>+xeffb6AHUQu4s|8tTO?j<uݽsBsrq?7Y=ĨnSk\0\0\0\0j@\Z}G,eddSt!٘[\"399>i\'\\ҊA|k]2&o\\]]/:sUc5xР27hP_^^^鑇TTB3Ztic4֗\'N۵z\Z]V/oVAƘgbwVWvv-9\\]9+0O7ux۫Rc^INԸb#4;~\Z;j85=]k7l[L#Saϟ}=K[TV-iD[L&IJҺ[ۻtϤjP/}:w>L׵jq7C)Zb`.vVg4\Ziv	o]TU\'/\0\0\0\0jD	4i 믒Ν:ӢEsyy%/_ak_pMe]V\"zaE7\n\n\n.;cūthYf/T~qZJYqqq6S}<k!B9sF>ˌH$imظnȨHJwfVVZiׯ*s^Gr&\Z7jR+/v\".IQ٨A=OV-uK+n[ynߩq7ֱt]jѴzu<p`Ɋ2z&G*\n͢u*OS:T$Q:pF\'NeEԭosTT^\0\0\0+?cLG~|}լlDI^^޺IzW^і-[\r6M{:{~||bJIȑ[Çi[׮:pvܩ-Z8\\]mݦ~ۥ۶iwǟ[ɶZhCrss}v:~Ԩa#IRPP$i̙:uNt?}OǏӎ;理$~~ڵVX&6h׮rPJJVyy{+\'EzuSrJnߩ<5Ko?<|Tyv=ݪR[;u.9U~>%F]:s/_nڻ<}\\%ʸ榰%&ZQ\"V[f=|2MeYPP^[D}c\Zطzu$oj#rչUXXxy[|\Z[%t<.^mϟ˴uNgosiW@-mە^4!%7*2\0\0\0\0p%b4t)^ܡc2k0fzIEDFhٲeڱcڵkwڴ/*O6lo-:~FQz!MvLF}?oN8#ڔWpl67G}T͛7Mi\n\nT=K/w\r{NUv:}7ڽ{请zKfY4vXՋmٲEBw}޽U}!E%JxGչSΟ?7g\Z1|x~U8cZß_H\\zGD\\,-ZM|焱\n6׶gPښ3Z~=驇]:iڰym\\77W۴EuBk&#g%˷{vvN%5\rٿ$5n3IotDy+of+t۔;wȼU}8RXX6Ͽ+ev	Avg̙\r[i~ckȀZnȮ߆-dIu˘f|C樢s\0\0\0\0\0W\"V@hB.]hvmR\r2DC)w؍[9s+U&ݮIn/~Uq	8qB}.KqssӨ\ZUU%5iXoZ}\Z6h^ɓKe`LRq+2\'I]V	z{Q7v}[GM\\\'J7[,rqq<=56o.A:~2^WQv5M\Z6%c- MKЪu$)ϷuF7_xĴo̬l-ZJ;vlVzj,Z׷V&VDJj<1ے䣇\rl}*3oyiۺ/\\ytc&15|P?$)0_		Zf+R<>\Z5}D0şҲU딗oòTf\0\0\0\0JC\Z\0pE	\nG:<r:!veQ;.\n\n\n䚆v\ZDiͳF~8O:xήݢGWt=./hӼjշ5Q\Zsx>=[w8pJ;iBjagY$J\"#~OEՉS*7oy	Upm޺]ͣ:ZuOƟVaaEֵ>\"<LyJL:k۠MEFpΞj\0\0\0\0\\iH@\0(&IQN\0uA%*rrs%Io}0M%-3d.b佃4a`R*gl0t\\ݵ-G+4$v}93jѴZ4m\"I>k͙Hw>W;[Tx\n[eǥmRs/RvNlۡ\nK@_b_Jc*zxR9\0\0\0\0+\r	h\0\0*F4RuBBJ+\\Q&Ѯ#fIuômo\ZܯĆ|$IgS#-=Cf\nk\ZSMk/6J5,a*Nfg*q\\VQmmhe.\rݣTKql9%RQɌ҉cSj|\0\0\0\0M\0*=#Sm?򐛛s5Fg%kɊ5?WStekV]/*qiAEm#㚚7/OO5i@KVQvv\\ۼT!rqqѡڏ;.Ŭ:r̮ϱ\'ꪠK\\9\0\0\0\0\0\\Qrrs{rExxXwOϷ:uh/\"\\rf[ Z>mT#isms>zL-ӑ\'Ԧesyzz(5-]ڣ]{urPwK=hUJKPfMmy=7)yhǮ5FfYWSfVjUTDX@y{yjڍ$b1Wۼ]ǥ7#ٺa}ۊq6Z|hݭݦg%kUj۪Ξ\r[ԪeRG9\0\0\0\0\Z\0+sz/3z+<VN7ԏ5iM2@XiRfM4\nߡQqZ~f[\\y{y**2\\>^эNW~V:seY7LL\Zow_Nϼ<<:oZ{]3۹ptY,uxڵVmS]vq|=$l-ѨZ(d14sJȔ_-M}zt),(Tt\\^}}?fM\Zi\0\0\0\0@M3X֪AgΖ_Dn֨\0\0I~u@a!A5\0\0)5R6\\[s!/ء4\0\0\0\0\0\0\0)H@\0\0\0\0\0\0\04\0\0\0\0\0\0\0)H@\0\0\0\0\0\0\04\0\0\0\0\0\0\0)H@\0\0\0\0\0\0\04\0\0\0\0\0\0\0)H@\0\0\0\0\0\0\04\0⢼\0\'˗kM\0\0\0\'!\r\0&9Ra\0\0ge6t\0\0\0pO\0pTs*(,ThLFcM\0fyy:uR3_\0\0\0IH@\0.;.+9%Mj\0\0bhT@\\5\0\0\04\0@ߚ\0\0\0\0\0Ԁ\0\0\0\0\0\0\08	h\0\0\0\0\0\0\0S\0\0\0\0\0\0\08	h\0\0\0\0\0\0\0S\0\0\0\0\0\0\08	h\0\0\0\0\0\0\0S\0\0\0\0\0\0\08	h\0\0\0\0\0\0\0S\0\0\0\0\0\0\08	h\0\0\0\0\0\0\0S\0\0\0\0\0\0\08[M\0Ԕ̬\0\0\0\0\0Eyzt_	h\\5\0\0\0\0\0\0pE\0\0\0\0\0\0\0)H@\0\0\0\0\0\0\04\0\0\0\0\0\0\0)H@\0\0\0\0\0\0\04\0\0\0\0\0\0\0)H@\0\0\0\0\0\0\04\0\0\0\0\0\0\0)H@\0\0\0\0\0\0\04\0\0\0\0\0\0\0)H@\0\0\0\0\0\0\04\0\0\0\0\0\0\0)j:\0\0\0Z</,5\r\0$7yd\0\0\0\\vV)=+[>^\n(T!\0YnnN&$)-=KޞA\0\0?{UaJJ @z	5)AAb,xDAD\"  i\n\n\rBM @ :	C2	k_g.k?{1<ZJ\ZCDDJt|JQ-\"\"RNT;i؈\"\"RdeeSOq!\"\"w@re.0DDDDFh4줞\"\"wg\'F\r/\"\"\"o؄\"Я:vzbڭ;O<$}}qwGh;=/v6˴iX5)7&NcYbecccܥ+;=Hff_,Y;oС,X))N1sL;j))m[Ҩ]D)-RT@|0u*k׮-ЊUrT󣢟eʔ6YWooo\07yf.m/%:vz5wym9;;mn۾};vv+Һ^)\ncFY{`Dw޶[ \"w+@K;wc׮]Z~st2˯9spssxsN(\"\"\"wg^B¨UŶm?@ڵ9xm=gXhmOJwޡH>%m@DVJ@\"\'\'gî]ERb\"0x,Z%gNf͚5k9}4ԬYaCr=?`\0W4i\"w?`K=1ZS_LL.d}CV9Q\\\\\\\0HMMeɒDEE[nݺ3p@mm 22I&tW0{fϞcnܲXr%?#W4&\"\"\"^KZjlݺ\"}YBCxG,=z#4hyݴir	f:`BOMjȑ4l؀q?ρ!\0l~+s|J5ĕɧa[IKKiӦ<?n^^\0dW_}\"/FK}ճ\rfqiȑy>cﾽ\\/}zo߾:СC8}4YYFu̠A+\0\0 \0IDAT鄄ʣ>lQXm!ٓ\Z>\Z<mk\r4?O\ZXx	6n$11ƍҋ/cU~ӯ_\Z>ֽ\'{ðC9s,;)))sOSƍWpBoAl\\K#ppp>EEE1ÏGye{Ězw}8Ær%Arr3?y=kڮ6+ptri(32XbnJbbիWFQ^=Hq\"AV1swrtIJLnݺ\0\\ޛBxx8-7~z8«\'89:0}ǸзOoXv-kڼl-Փe˲|0uyg`ҷobc7o|vM)W\0\r6o߾884wg|S8p\0n|\\ʦ񉈈ȿGvV6m￟۷[mTZ\0B՗kA@` 3fLg̏V*OB~Mj֬IvmYzUTͷo,c{]^|yof̘a>o3ϰ!CyЏٳy˷E`i:t	\'ܹ2sZ̿`Uiٲ%kVQ#Yz\rO`Ȑ|v\r>؉?iZ5ד[`C(W!!!uΞ#66Mع8ymƿ*fѢVi.}*\n{V\\I\rYrsg&,8?}cf̘ɖoc̟#Gug[}\0SSNw:}ϖsXk!J K/?#44ŋR9887Z*S~K{Ú67w.l1c6m*+UWsHqa\"(--kL{Pvqqa\'3qpp 1)/gyn]\04oȂi٢\Z7fܸq\08::p\"ټX]_jj*I&Hff&/L2i(VQfMrb~U=jǟ\\|VZ?aLbX+zW_{bX|9.\"\"\"r#th٢F~Nn]]ץ˗HNNcSOҮ];pqqG\'<(]ڇz\nڵksD8V&55̬,6nȐ!yN\0TT0/_nX\0x	3_\r7=n\\W\Z5̟Q۵ogTzAA\0oߎK:Vkbzrf֧ClذTBBz<;v>ԪŮ]8zq{xXusF\Z!)ѣ;K,grx+lݶѣ}v\0TXgΰfwqrt,/GEo>~i;v,{5+1)5X+  .M;rhvｄ|(`0FY~׿79&##o6oaѴkgg%5%ܭo\"\"M	h\",]bErT\0?ٷ}G>Bjj*\0r> \0mێ6r2$k\\n޹HȰ>ʗ/Odd$G澖-iР19_IOOtiӣQQQEnѣdeea0([._B;w3gP{\0TP mF-		ŋo׎МaURe*WMg4mڔ5jШQBӠ~}AAu$\"dddдiS}\Z6j-ߒg\rkrsue7qqFXE]^{Vi]Rb\'5TQ!3z4ǎrA*UDHHM[5TE=^$$ͬu?Qr*dddMexOe~j󪚵jZJ\0Ԯe`0Pv0ˊ5XZ*===HHH1ִ]kmemf1dddP;W;89:27\0طo_+\"R)8\0pttN:<4l8-Z4ϳ$.@x\0=Jyy`4\Z2(\0p0]s}XOLH(T}o\Z>\\VΓO<auӦoXv\r#6g4\"1!h4ЈlVZ+BF\r5b(F%tԞ\ZժO`6Ѿ}tymm}nz=ݶQ9DDӡCΝKRb\"?lN:u+tޞ>U+Wy___tzs}ёJRr\0/>F**^yU2y\'ޞ7&Nc>=(5b,RRv-W	9teJs9 B9-suuxm0 \'´n\'?n.~W?W疔lJ_[NO锔?%%\0\'gvt5k걖uuXv9?ƀuw=kIIW:DDJ%E7OR;kC*eD&==4󇡸kxzZ5\r`ӳPծ]yspyBBB޽i~HM??ёgy\0~w-_n]ؘ:4)Ux*[Ƈ!#7ӯsyF;,̭*[Ƈa_\'$?1wϏM`iqOkKǶс~lyoDж̞=w?Ĉw&bNKKxѣ=z4Nb5Ly}]VTuNŅ̜^y|p͙Kz7+=4ڇӦҰ޶qqo}pws+tG*¶s:to/V\rYtH9F\n{]ּ\'RrHIVz\\}%SS;&%gUb>dQObRµsY3걥´X~E9`.y5|;+\"R4	Tn]s;2߱}\'\0u2AcsM\nV8ϒ_y*WD.]x7\\D]cޘt֕q9gA:%%5kޞ,|˖e{=^FE9;9Sf|\\A.gE(JS5W5/4nS=B)Ovf-iZ#GGJyzZ*E{T|-|iҤ	W$!!m͕$\'.+lU3NvP=.<hXh(TXjիHl\\<ųT)\\P\\馤v)R}>ŋf5Xι4i҄Cs\Z44\reW7(ܱZ}mj3+۰(U{,0\n\r\r_߲y^:<xb#qwwRJV]e$\'N\\\'##Mh{Ězl0mֵYN[YsLe8;;s W<ٌ{y~k+\"RZrGF0|4}:#.>?F\Zg/Qӓ~޽z>7W7VXAZZ\Z!C(SgϝܹTzjDFFpI̙åK \"\"/XȑY\\믿&<iУ{7oȫ&8Ç	\n\nyß̫oNmc!SZ \0c߼TPo`bb.E6Ѧe3sLzhqBėqcstp_.Gܴ>G6}{p%!Rۤ`~\'`š#HKKN\Z0si6~.mr\n<LHBb_o$%]kA-r߽^vvvJDCL>.]:}jլ/vӯ_\\\\Yz5W$P˥Ky5j-7`03O9~8+wŋY+:thǅlڴ۴ggguƗ_.«T)ԩMK|:{6ʖe;䩯==pttuy8y$AӦM8{,䩷 ZjbM;_qDEEx1mXa-Z*k~_U*=yUtt4N:rY6lHvpr;$ERtҙ˗Q5j`lXA`PuYT7k׮Z5Ra\n:]:lrʕ-G@`\0|\rǎ>Hq_#;o߾uعGG6m#_^}O~u7^^۷/=zt/T}>>>L6{oENyqrrm۶9rm?lc-4oޜޜؼ[~G&\r@PGg}<Hq|Iټeу#DnF|9ۛ{۱m\0o+	|0c[mgpߞ~t3.\\27W~!zR50ca\'Xa3lfH]I:t|zzLtL,*\\덕_}l#׃ʕ8y,+n$##~=`goǶЯgåh>56\0zMIOOgKhڸCΧk/ҕ_y2H)OON:Ͳ)Ezu[߽5JD}pvv}v7gc:u\ZzOvʃ:_{\0hԨ!/֬fѢES%0I\'\'+ӷSLg17{,ΑСCxzt7kO?e1cpw?\'&&kقoҋ//Vj׮ŋ/HTt3^|+R6Voob)zI͚58v,&yנ׭ipp݈qts>]U]v%!1c&---[2vS	0pwue̙S\\9!C\nuǿʴ?7&N~ZOok#c+m;( k=1cgLxwdsfk)n\nɆ|$\"##4i\"[*pD,qMB!k|@ryU눸ɋg%5u<e~ʛ`6t{V\'I&R73&6b+	vn\Z֗ާOδo|oLyk<<Tӹm;2223\'*:Sgz@Գ8+5ꔏgS%2\n7AS>Z<c;__G{svkQD$_<4|Xq򏣶(3ob=ܽ3gMӧgsY=ED_\\<<*ZN|Tѯk7Wo0[deeQ\'\'1|UUqv6v\Z_`/\\W&Ysuua>U;qlZ\nDzF+oA_rB$dff@\\||/WreXl5mZ6NTg~ى\"I0\Z$%[1;0JDDDDDDlK	hWqrtJ@	`Ӿ3A9Ϙsg<Ht%!rΦC]]0rebq\\27w}Wpq<s봜י_;9bU=vvv<(m]ņ-[Ghִ1YYYlݍ尳c¥^-^m)-RB-]C\\N$TP!vO0\'GGp GjD3@jjvqsu%-g&pwOљ_Yb-AH!:\0,nYfMq4k*Uޞ$5/xxݱY+UΎX?y..C_89:eU=18tmL\n}ү\'#̙5g8g()JDDDDDDZDDeR8|,,m!7¹8qo/Zow7+ǚ\r[*#]P@L	ʔa\'Nӯбm+\nfMtwA\rptpzbe ƀ?`0P50\077otԞlز:sr	Ixzۨ,Mn..%^\"\"/ac01Mjת%Y3W}=W(Azuե\n*tى_o$!1	Rty-ڷfMINI僙sȤAPmnu=5UA}_By_F?2r\rˆ-[cWb~_a̘	ϏI\\oWR`4Cr7WOLL,ȍ\'\\fqѾ}tymq\"\"R}p-xGãX[ƻX/w_qS\\\"\"\"\"\"\"\"\"\"\"bJ@Mhh)^-DDDDDDDZDDDDDDDDDDlC	h	%EDDDDDDDDD&PZDDDDDDDDDDlB	h	%EDDDDDDDDD&PZDDDDDDDDDDlB	h	%EDDDDDDDDD&PZDDDDDDDDDDlB	h	%EDDDDDDDDD&PZDDDDDDDDDDlB	h	%EDDDDDDDDD&PZDDDDDDDDDDlB	h	%EDDDDDDDDD&PZDDDDDDDDDDlB	h	%EDDDDDDDDD&PZDDDDDDDDDDlB	h	%EDDDDDDDDD&PZDDDDDDDDDDl¡h,DDDDƔba0;1\r!\"\"\"\"\"wTff&\0}gϞ-hDDDDĖ; fΝ/hDDDDĖ;꯿ \"\"bFDDDDlI	hcF#vv!			\ZZDDD_N	h9Hvv6&M`4\Z]6>>>ؐ\"\"\"\"\"b3W\'ٿ?\0˖-`0uVN>]ቈ9w\0\"\"\"׳3@ZZ:NܢC%33N:I\\ةbPDDDDlI=EDıeMJ%\"Of4\Z\0ӄ`0yf		;kȿz@HH\\|TPg\'\n\n\nWWW\0ׯOzFYSli33D!%ED1`݅X-:f. :Τgb0Wd\"\"\"\"bkJ@Hd0pwu.0DDDDDDDh5	%EDDDDDDDDD&PZDDDDDDDDDDlB	h	%EDDDDDDDDD&PZDDDDDDDDDDlB	h	%EDDDDDDDDD&p(\0DξCWSZZnȿPZDDDDDDDDDDlB	h	%EDDDDDDDDD&PZDDDDDDDDDDlB	h	%EDDDDDDDDD&PZDDDDDDDDDDlB	h	@DDzFщk\0\0 \0IDATHjRIѤ`4fwX\"\"f0↻Wi\\=1KDDDDQZDDJHreR\\/;,$>.Lͫ\"\"\"\"rWѷy)qROz6f1-)4\'5ء\\p*DDDDD%EDIB*dff+!99&9zhc$\'Фq#^+BF=V0	nܐаE.?Abb5ps9D8II7j@-OH9~T\'N\"J\"\Z\'t\'ϜJ|\r3gpJ\r颗O>K+4ę3\\>{<qԯWs\"^>8\\[(_ ..Au9a.p8խCŋE._HLLAujsRrd$1qխŋ##/K:tm/_ETtuj$**.GESV\rbbbQILL4b,5ky	x{S~q^	hFӥADJ\'Q^#\0kAu^Qޕ+	?=M=sT\"\"\"o[ƻC~ݧOz@Hc6M8h4\Z)[,nnnR\' QCF#lM*\"\"\"\"w%E\ns._XDժU4pݻwؖ\r8y$ҸQ#\rJ=C?7WϞ\\Nۏ/2Ѷm;v^{),\"[ߵb},j	G;\Z5GFP^BչKmǋ/?lۋk0%86ȷ}Ǧ\r#--2eиQ#NX٫7ݻw1c;\r)SLDGEsX(o		<T7}\'ggΝ;ǹsL4m\nIIN --(\0*VCNzFLs_̱\n#WIڳw/<,:vdMdE\\c?z;)Vȑü7ܧRJXnO>\0Sغu+vċ{ʙgX~=GӦIZ&(-RO=$=wL	7&NbΝ|t9=w<{{{>ёSN[osyVZES~`.ǟ3\0dїݡ)^W;\nV	@E䟬U;VBY*U0quu{QcؿbO@;z}\\\\iڤźvm2` VXɛoN`lݺ7^nݺ^۹5ۛ1cqc)]q O̠At	n\0СCI*Uޥu֌y|4++dhۮ=}c%駟2` ڶkϠAY<X!Cqm7`\03g~BRrROysx3?EVVVbڵ-ZoQ၎En,<(X`Aۇg)/>>=/_Ƨt<Kyi㭷ߦl9j*Uѣg/vU8Gz,O]/a>}Z[ݻ,Ο{گ)ܹn\"vV!H2w͝ZB2334xmAYvMfϞM^iFy\0ēOoؼy-ZGhhL\Z58{yիiԨe95ϛ33O>5ÛoEX6Ύ[[<11ҥkW/_sے`]cmmy틌a$УG<-ާk.8993f~9sHNJbذ{\'tR>_.^+$&6|u̝7>Nt\'G\'~&}rlݺ2ːҥKټeKbrt4]ٳIJL~(w	FΟ?o.fc-ԯ_Z~˖-wUppp\rTZ͛6ޟBff&ݺ`Ϟ=Vذny,u򇬛e\Zht}ݿ1cxg3\"#-ZEUV8uϡCn:)OftW<#,]C3}oxK̜1\r6=Y\\<;#)ԩ]N:efr|戈 !!p3U7{.Xwߝ́~-|%#F<`ΝVU۶@\\\\,ӦN7$>l~uSZufB\ZCl\n\0quu%:*ڼݯMիx7iذ!w߾,r1C!33\'NPj5&::uj}NC|.1%xu~ {ȑԭ[|V\\c?ïJ={{o_.,?ZO$i\"jj\\]]ywdz|nѼ9?nξӸq#m+V$88ݻwf1{xкe=z8	Ξ]1|8ԭKuPBڵogQwAqsۭm;v!Cѿ&MmE\np_滑ݧ7	WXp۷͝FqtWWS21)k#̽9z/wy昤$ocұ	W^yΟ?GJͰspDLlVӌ{Y\0MGn{{{uX&>,vvTT\0֬YA۶mhq<\0ԭ[;wrB3c>yӶRGfGMǌ\r>^go卉-zzS>1:t,e˖#R$\08s,\'OF,^iM$=#-[/mٳ΀={I[U:uRYn1\rQҥ_ѯo_ڶmC@?+/9W(OY|74o	c}L0ݻws-};{z]\\W۬3;ey[NWH=\'3?D\"L~u,{&\'\'3adfe2nP5vNm#F0p\0/OO{}XH=NFF͛58I&lذ<9&<<t]qёnxqZb\'&ys{`?!G6lOX7k\'yƔmƢŋٻwqF\\\0\0\'k\r\ZX)CCA=i\'\"\"Rܔ)Xbccprr\"^=F>([׷y߈jԨ7ApY9cFg{Ԩ^u_9wc99z\\\\\\Leʘˮn^BY9ZUeʔ.|ry?A\0B\Z\Z\Zʞ={xaY|D`\Zo̞3omQdԫDZcml?}4u1o+LmlOL5{c{ĄDLr|p?˿Vvv6˸\'{Idƽ2ӨA}oCRl\\]]iӦ\rmڴ={x̜9>FbSc&_aTc$9ʕnm(\0&L4h8,WlY\",mۦ-ժVˉ)	^\\#<,Y<ܳV	΁^~ټmbڀs{xXu}\"\"\"b;J@kMG7^z5<<<HLLd\r<?n\0͚Kfx\rmV<=<\'+>NKTZ]vʕ5MJzzyL+dfdf~f91kbNˍs5ek-Y5krϽ`ȰaCyWZ/筷fmtȪUy䑇6gߍddf˗.]b\r\re{-lVaLWPgffLnn/\"$}0ϽÇx7;;;^z\r>L5:=;e3RBDGE\'y|OӦo׎]\n;\0&8˗ϳΚc$IOl-\'gr\rє7w7=z2ePCADi:tO0O	nl_E\Z>En\rrDDD(#bիװx2rHMMeΝ	s\r=YYYTMVl<www9@`*݋\ry	,vq10e.ԻkAtٓC֘D\n+##Pgeeb*\ZHff&ӢEs/_14oތe9wSOӯ\"r2e}Kݠ,\\YfҡC\"YUiӆ<S T9rߑ[_EQс~@ڵ8xϿ2^zPv-fϘsOi)~1ӇKf4\Z9}4erYNQJRoo|\'\0\\\\\\ػoq<l޼\"aؐD`pHb>zy2zm)\"62rH<Ğ{5S>|>ƒeJ5hЀ.2KӷOoVY˳	;~\Z4h@j*\08~g b$11\0;ws3t,Xwe׮];v+4	IpmIjW(?.wygx)S5lx7U{W b\Z5jUT^hq^WypwMy6999o6#GyGiʖ-{g3\Z8;:2kG<s<|:k1kG8;:`.DP]2e:d(,$:&6Uʓh6\r݃}zEPP#/-Ǵo1ѝE/UT8r(Ə\'[oo\"_sǎ\0sС<@GJ*ETT?x9C]X\n\Z5kʕ5r$\'O4k֌gNCҥlHQZF[oS\'Or%>reDNi߮y-s=l6A}y1p![֯@Vx͛ǆ\ryyl(\\\\\\ظqr<x0\Z]!((&k(K}E߻-֧ӳWo6}\rXQnH>ylܴ7K/Z׆W\Zzk*j#Yb,K*KxF뵫a<\"dF\'G{>!/j\Z\'=\Z;IUMywr\nԩSd?<<<5kQє)]6mZ߰~k;v,;;f~	T^Mr\0\Z87zя?{NEtϏG{e5|4}:x{{ӠA}M>M9ٲeu^˼<=%5rDDDx.BW!H	u.,uLN9kuxj	0rl8h0FիV0|ݙ7oyS9qG|_GQ#qppw&3YD^S:Ϝ9?mq^ZhΧ*ywݺizZn]v;wҷ\0Ǝ}rM%od0zx]N扣\\mQDDD>e;KgΦ~mܔ>}z0QDDJ&FΟ0ZV^CFF={tw{޽پ}/\\0ڣ9g	M֔vlx/ςۋ5y۸vҋ/0cL6`=Ң埸IIN\"%9	cvvo]B	h)9K`7[-_}lrnֽvvv\\&ݺF~}F5[9///۷㩧Xh--4,\"\"\"\"rRl4ȹ\nbB\0=!8DDDR\\\n;&!HDQg{)-\"\"%TM@\"\"T-s)-\"\"%SQh.\'?yCDDDDXhB)_P!H8;;# LO$%\'{0Y٩]m^DDJ\'gWRqR\n8xĤd	nDȡ#ߴ|QRhڸ!GCIIMI9V$ܰ>N*\'9%\r8Vpxɩ4nPǯiܰ>aE/?ARr\n\Z[.7DS$&%[S$ba>Cbb-3$$Z~ݺ9+W-Au9s,Wn\\nΝ;O|B-&\\rZD\\$.>˵p+y.^$6.ڵYKnD^||21qqԭ]Ȃ˗.]&:6:jprE911:kNjRN\'VDDDD2\ZXSǥADJXc/Q?PE_!;;)WGDDD|xwr=\0XqS\\ַz)q\\pqw\'H1deewH\"\"EE|l{q$\"\"\"\"rGi)q;\\KK9{JB?=nA?DDDD8we?&l*H ^#H:;(\n\\A^WgoWAқ Z(t@H}lچ\rl+={f3yfly&Icg\0\0\0XQ`\0\0\0\0\0P\n4\0\0\0\0\0@\0\0\0\0P\n4\0\0\0\0\0@\0\0\0\0P\n4\0\0\0\0\0@\0\0\0\0P\n4\0\0\0\0\0@\0\0\0\0P\n4\0\0\0\0\0@\0\0\0\0PN]\0tigtt	\0\0]:\0\0j ]2K\0\0\0\0)8\0\0\0\0\0(\0\Z\0\0\0\0R\0\0Bsɰϔ)\0\0Rh\0\0ٳsGfgرBh\0C\0\0Bv5<`ƍ\'\0V94\0\0ZOaޟ	&UJ\0\r\0\0{WsI\'̰ĉ\0*#\0\0X͙3\'J8v!ޡ4i\Z\0X%\0\0\0kٳggΜ9y<GyxohL\"\0J\'\0\0X͛7/sɜ9ss|:wL:%JK\0bh\0\0܂QгgΓO>k9#r\nRu\0-J2}m`S$ҵKC]ZoA`$?͜wmgР}ܭ[±\0\0V.4\0J%2}FztkFIccCGJ6k>zl&OM{oA >|x~+眓n3{5H\r\0t\0`3}#Pjll6L͙9kvGhaӟ$`On:\0`2\Zμy-^.UzɯKG.Ғ9s椥%zk6lŖ3GˮsT%\0@کT*il0ݠUdM6QG/<^xa>ӧOА~ny	F\0\r\0\0|3dȐt#7pC?_b}޽{S\Z\0X\r5s!3g.l9CsGW2m\0\0 \0IDAT_\noٹN̑GC}C￿淿oi94w;nkU\0zsw;g}vNgeyڵ9ݻH׮]SWD\0`?q~e[K.Iq0`@GWRIN?l<2ם0~|1{*J\\;==묳\Z.\0殻W^\rmNO}*MMM<xp{<ԓK\r\0\0XYL5j9g{A}ܜ{/<lv풏~.m36I2p9zo*J6lӼ˹2{U̯|kT\0\0s+6͎)\r\r6|/<?~\\f̘](.\0X8\\suysWN%$Ї>޽{\'I͛+2wuWFz#{αCm͜93]3thƎ_/GyTNZI&;\\Ҽ+.,ɝCk+lՖ9Sn%IGM<C9Cs_!f{$qk.Zy\Z4hM◹9vx*YFB?An<8lXzO~8p`#Fd׿l6ISe=:?~|G?ǧwg}rg)IjZgvkE\'?Q2$wTZrGgO\0U>llիWKל}w}g<\01ӧdk5^W^y9铓>u.7.3rILss7͕W^պO+ҥKp0aR.|-4̿o/8ӦNvmfMW^uu_̞{\'7&I{l?}	\'BƏ#({g}I4?/s!>ϝwYj_\"\rMٸ=zt~|\'믷^(z.wR,b\'vndMrܱǤO>k]H.ߌ;.ӧ+wޱ\0V5hPn+uuul{0x⟹Y\r\0hh}\'Cޛ/(Irg1I2apcusܱH?81͋/M64_V[1{sG%ZI?ONK_SM˥^$#8<I<7xS.<8{g>L49O=t6d@>O/sgh*Jvq}/RpL4)w:Rs};g|l6fns9\'cǎɧ3fGF|=g|c5jTF1*mbm̜93O>d:uf\Z:wܹs?!YuVݏuo[Iy-r]6~W\0U.ݺuO妦ǞRWW]i\0w#auYa[lCY83<y(Ywݼ5fLΛ}7Ȕ)Sꫯ1We-ٳ:;Ǝ<6$y[o\ZsЁ>/RfϙӮg=I/IՖ[_~>}zy^}̝;7IT4tA{̶wm$I>}ҭ[$;$t?xIK)lAΝO~袋>9sl,iEp}i}6[\'Iƍ\0XՊhMMMYwuӻw466\Z\0hX7(mY\ZW-gԩIJvR;v\\6l/7kɨGuym4\Z644o$=zvocرׯ_M6nܸ$ɵ][zkdI=y$IΝ[G\'I`--5>А9se޼6_?_b\\yinng>vء5ݻ/Rsu?Z*#gS,s{w>?UX҆cD.U9̏d[/oO<}k\0\0\0DhXɺc}}};K-lM3lCOΝ;_Bl2 ?mh=z$IfϞYf HX<HQF-|i8l{Μ99sfkx;aĚ^lM.33bĈy(Kӧug9ĶGw?^i>qe$;ao6[mNܸG)|\0\0``\nXɶfg޼yYzk=vTܜg0`@<g3&Iev{Zoչvoz)[rinn^l\Zlكo7mwڇZ>\\s-FϷu~(---;fLM,ie!1lE6AzmY>t7~B@sJ%W]s6ڰokR\0\0\0а;Gudn|ރ_/z*o}cl2`@䥗^ʯ֘L8!Iu~wI<s[U~ISN?^sƍ?dd]lYCk=s!p+핡C͏~{<3ҥk&MIt5W\\qEf͚uY7#_φe-6ϴiӗΒVfa?&ṆȬYݻ姿]^x$C>slwλ?FdIݫGwbn{y/o.L$\'7(rwvu-<D^z|sheۛ2uZ_/fݫGggv\0\0\0e@C	>Ϥg^s˭[s93RWW?O?Lrgne[!wUs\0$\'pBtu_t)KN;gY0F~Ֆ[.|͝C,6\r3gΜ<<#9#ҥK~{ř3gvۮE޽ \\28<`fΜ^zCGO?=\r\rihh\\:mYY}HǫT*3KT_\Zλޟo3y|gέw->|Sg>J.M/afȳ+WxK:gwnS}pv~~ilhh#> <Dn|s-gwͦ6n]2z̘qIѽ{+7d=U\0\0\0lE(B\ZW<Xp@`3i<pvny7!<ʀ%I|?}_/xO%I~}rڇO̙C7GzPk.<sn/z{+2pۭ+BvM7fYw~刺ʦ\'\0:cO>ݺ5Lx\Z]_\\cn}l4\0kO@boدbwҔ3fڑȼy֋:`-6=Yf:xM6nlyrm\r۳Ɔ{/eiT*6}Fb&\0\0\0X\0U\Z:7,6ۯ֏?4s֬$.$\"Ϸ )S^:I.MmOҖ><۽u:/\r_/uuuhN{j\0\0E\0\r\05XpӾlطR{ʷ#3mҺliM\0\0\0E\0\r\05ب_tϔӲ}Z:mZHN+Gj-ۛ;f]Λ+e܄qZ\0\0\04\0kfgosYQn9N׮M93{[ntkM6&oM=rYY$ijj\\6ڰo:uꔻ}0Gr`F9:7zGz5flLݚWj]\0\0\0h\0*Oȯ.CˊϾw~m^Ώ|Sr1GKSSL<%=wͱ_׭9	;Уg&ˮ.$J\r\0\0\0jQT*%{kԩS;tM:#;ܪ\0`yӳ[寸nݺT\r\0_WGh_:stUR\0\0\0\0\0:h\0\0\0\0\0J!\0\0\0\0h\0\0\0\0\0J!\0\0\0\0h\0\0\0\0\0J!\0\0\0\0h\0\0\0\0\0J!`SW$f2\0XfΚ2\0\0(\0\ZN}}}3\0`xs̸wk	\0ڪSG\0\0K9\'Mɋ--٨o464ttI\0d3g7fѵ\0$h\0V;Etonʴ3Itڔ\0`%`TE4vt\0\0\0;`5\0\0\0\0\0J!\0\0\0\0h\0\0\0\0\0J!\0\0\0\0h\0\0\0\0\0J!\0\0\0\0h\0\0\0\0\0J!\0\0\0\0h\0\0\0\0\0J!\0\0\0\0h\0\0\0\0\0JѩRwt	\0\0\0\0V@ܵKG\0\0\0\0\0k5Sp\0\0\0\0\0P\n4\0\0\0\0\0@\0\0\0\0P\n4\0\0\0\0\0@\0\0\0\0P\n4\0\0\0\0\0@\0\0\0\0P\n4\0\0\0\0\0@\0\0\0\0P\n4\0\0\0\0\0@\0\0\0\0PN]\0\0ѝr]3vz]Z:%ӵ%7=;\0\0\0Je4\0˻孵<|N$oMˑ\'wt9\0\0\0R	X|>x^LTnhJ\0\0\0`@5]Hޜ.o\0\0\0j~`S:ȼw\0\0@\0\0\0\0P\n4\0\0\0\0\0@\0\0\0\0P\n4\0\0\0\0\0@\0\0\0\0P\n4\0\0\0\0\0@\0\0\0\0P\n4\0\0\0\0\0\0ʴ9&nL}9ߓa#;:\0\0\0xw1\Z%w|,?#Jκ6٠[rY;B\0\0\0xw1\ZgH\Z~熿Wɾ&Oa\0\0\0\ZFC}ߒNş[97O隼6)Ń.ɔY_ujJ]tKMzU}ɯ*e\0\0\0`c\n\0\Zy6nS\'uŲ݉ɠ)W&yݿ\'?:\"9~??yҳqkz6&\"xuNvYkY{\0\0\0k#Xkd.7H>0z{_Inx*9ɼJ҄ύK>grO\'W\Z&Mr\"rDң1՛^xu%n|mGW\0\0jh\0*nre\'N.<>y-\\o{%\\2ͯ%;lP#Iޘrr_ɐӒUŷKɖ&\ZJU\0\0\0X\rZgg͒kN|I3s81ܖ䆏,#4uЭo.1jT*_`ڏݒƗ\0\0\0@ۭ:yşKɵO%Gn]~&&k^8%G\\GWڹuOUNYo.]kV>\0\0\06hN^j}^V$٦OM:nu8٬wuLOz:\'7?[W:If2kn~s؅MOLKf+c/\0\0`b4\0kӒݗIɍO\'g$\'g= 9x#97^w%;Mshu>m֫oM{ňLz6%g]p{g%=d䡑&7.9)9\0\0\0`#`qmɓvK.>1YKuG^O|j|g\\l#䮳O&::./ݚLêASޱj\0\0\0VWE譓`ykĎ.XMm^]B\0[wMtM-IrMis99\0\0\0\0(\0\Z\0\0\0\0R\0\0\0\0(\0\Z\0\0\0\0R\0\0\0\0(\0\Z\0\0\0\0R\0\0\0\0(\0\Z\0\0\0\0RX]@8\0\0\0k-4\0~ZJGWUZ:\n\0\0\0X\0v.>zzwhH.;nZG\0\0\0+\0\Z.Sf-[˃\"YkKzl޼.\0\0\0VN]\0\0es3S;\0\0\00\Z\0\0\0\0R\0\0\0\0(\0\Z\0\0\0\0R\0\0\0\0(\0\Z\0\0\0\0R\0\0\0\0(\0\Z\0\0\0\0R\0\0\0\0(\0\Z\0\0\0\0R\0\0\0\0(\0\Z\0\0\0\0RtL>K\0\0\0\0P]tt	F@Ui%\0\0\0\0Z\0\0\0\0\0B\0\r\0\0\0\0@)\0\0\0\0\0B\0\r\0\0\0\0@)\0\0\0\0\0B\0\r\0\0\0\0@)\0\0\0\0\0B\0\r\0\0\0\0@)\0\0\0\0\0B\0\r\0\0\0\0@)\0\0\0\0\0B\0\r\0\0\0\0@)\0\0\0\0\0B\0\r\0\0\0\0@)\0\0\0\0\0B\0\r\0\0\0\0@)\0\0\0\0\0SG\0kʙLJ.M\rSrɇOHc:-UNɺ$;lCu\\qtϜ弭U]kW%ߚ=ZU=\'F$s\'=v}GNVquaeZrVm}	\0\0\ZF@\n(&OIn}W;>\\m.gd\rɛo%wܝWK\ZdXBqaI%)>x\\*]lcҫ*Zw*U|<\0а\"\"nKq］zm,G&S7Rg\\I^װZ[\0T7`-Lr_;̙v븴>n/W\0\0\nhX\rIoRדdMSpT{$sr?\'M\Z\ZRdd[̇#ZWV^Fs?|dTn;ŇV7ߑw{c&]T;\ZV?/t@6.h9)&OIq޹vW?ݓ|(Ŷ[򋋓gK[`ͪ۟ײ>jm_OJ%&u>f&>\'Le=\'er%frMɃ$\'$}I> ч&EQso=\'Tx$I%PwKxV|2ejru?>\"E}Rs˴\\IA&۫jmkI˩<duǞz}1cLKU\'#GU_^/o\\<Br)m{`嗿K|XrʆiSGO!uQh]Rvk\\vU2TZZ\n\\^+zݴ9-;|ZV_VKok\0\0k6PyH5ȻuH5YM$n<l*8yJ^9I:9ꐤS}*^\\~m2cFraಫVȢkj($O>ݾT|m501Ş%;rmɏZ:WVeIcCajߥH\r7FWGm_j)ɍMҲ~ʐ{uIn#-s_j!)9d+RmT1FUg!re_\r_/4E~P2gvrܲj=jL>\'{f\rPk[KYNvMu_z޽o~?Xpi3m/ϵ˫}=״$~vuNMze\\ǭnRmW϶\"D\rb\n^7KZ)A۪}g\0\0hX}֩T)O[jW)޷$6\0\0IDAT_evW*W\\bRsx*Hƍ(;T&MNnR}?bJsnN:4M~~I9Srm)gU6=ϝ\'MSliu[؀)>{V2~B*r2sV\r&:#5:/|=yTFtRSN~%`*>}<5+y>9M:wN1o^r:ޏZe\rSyedFɧHIT!ymY\'7Txɟw\'V>p3$EΩ\\q}r=1/Ͻٳ,>gVÜ9|o~6RK)sJKq)պ^Bؘpj9k}ݒJ^{ǢMI]SCRy]49?d=#v?WJu\\Rڼ]>mzΝS>6{MOnރחI;EmE\0\05\0\ZVPcRd6gU\r{AKn+yed2gN#KkI\"E^_]AdQɀW3_5\\y_)̩ hj⒟ժxuzWCiSyv67 Ν۝<%7jm[l[656&뭛W\'Ů;%oTҥ͗/ϫ>hiIf^xCqKowG\0n;r~3j\rdm_Gy_а9*7ւi\0:w_ZX_-0uZMm-:kmImu-;v竣=0yxwn}m}zxTyC;%߽ZMPf>p+rMz=YrKxZg\0\0\ZM\0\r+jɡ%7ߞ\\yCݲ謰):/6_p{*ɄՏ/2}F:ϞqS>붫b5,7iW=].IL\'sj:}TּHkm=ŗ>ʅ_KemMU?))gkw\'=yj\06V$)zXEFOίE]\"sfOZ^SUvT=Z55ՖmǫcuUy]SvOy>F8Y\"\\>ykZYp.bshjo󷹢DqC;%mg܊\0\0k64\'{J{آ_gϩ0[^Mp6-VKoM6z絏<X۷E??{NsN̛Sc@bäEzVImYS<\\*?V׃VZg.R<D*]De>/NUQ$ݻ㾫xV&M^d)nK5{ßX~u]͝[\\\\֚ͷjjk)YJ]ay+T{׮\\rySQ篽^q{o>.\"o欅!Je\n]<Ƶ^n\n߃8\0\0M(zHqՑ^\r_|V[$]#*3M7>-7[d[5n̨~9[lVot^KFPQz跪ϵƤ~̙[xA[ÆbxucfJ_K_J-+կg\'h_RklcPyst*WߔʝArоչK7ܠ:bp܄_*/Tب_KV??o%\\0oqx+w<\"5_XCYWKU6:_oO{t5wvW5ޫWհWT_nl:iG3/5Z@z=YJ}zl8\0\0hx=<ߒk?%>T*V#\'-\\wHʭw&cƦ8P?}RzX]W&o{eV.:|&TC?ph5woN94/i%)}\"ydʴoSS6Iv!T.&fOz\\9s~QSlcppKut3ϥһWuQ\rK6mc\Z`t#9IckSO\\~Y0w#S9\0h~XZvPuي];geWG>Hv۵{7lݿe_qꉩsu=z3^25łrj臢TC<+~Pck}]weݳ\Z\0?4<_W\r}i[}W&yku,ie-/3\0\0xW3\Zީ6nB$GK6ꗖI}>ymj1%7L1mz2⩤|\'Wy=o&_8:=&MNF={ofvX?t|oHѣ{rɌYɑ$_ONإ:S{֙wd%RǠ[syr_x1RWxv/^K::w=I}}{J>{|g}2gnkߤGIn)?*9䀅@ߵx~ß{	)aI5{_Ӓ][ɠRҵ5h_\\A=S{n:<\ZBWZ{͟hY7X2VvZ^7Kֵރj\Z^\0\0\0nERiog5nbnw6(жgIƌK\\wrX227Lg$I?Lx29jȺzp\0\0yrߤ\Z2)\Z7u?Ǧ\0\0V/W\\<xҧ:sejܽ[C\0\0\0hSp\0\0du.-C&/\\[_\r\0\0\ZtSp\0\0\0\0k*Spn)8\0\0\0\0h\0\0\0\0\0J!\0\0\0\0h\0\0\0\0\0J!\0\0\0\0h\0\0\0\0\0J!\0\0\0\0h\0\0\0\0\0J!\0\0\0\0h\0\0\0\0\0J!\0\0\0\0h\0\0\0\0\0J!\0\0\0\0h\0\0\0\0\0Jѩҭ[.\0\0\0\0jF@\0\0\0\0P\n4\0\0\0\0\0@\0\0\0\0P\n4\0\0\0\0\0@\0\0\0\0P\n4\0\0\0\0\0@\0\0\0\0P\n4\0\0\0\0\0@\0\0\0\0P\n4\0\0\0\0\0@\0\0\0\0P\n4\0\0\0\0\0@\0\0\0\0P\n4\0\0\0\0\0@\0\0\0\0P\n4\0\0\0\0\0@\0\0\0\0P\n4\0\0\0\0\0@\0\0\0\0P\n4\0\0\0\0\0@\0\0\0\0P\n4\0\0\0\0\0@\0\0\0\0P\n4\0\0\0\0\0@\0\0\0\0P\n4\0\0\0\0\0@\0\0\0\0P\n4\0\0\0\0\0@\0\0\0\0P\n4\0\0\0\0\0@\0\0\0\0P\n4\0\0\0\0\0@\0\0\0\0P\n4\0\0\0\0\0@\0\0\0\0P\n4\0\0\0\0\0@\0\0\0\0P\n4\0\0\0\0\0@\0\0\0\0P\n4\0\0\0\0\0@\0\0\0\0P\n4\0\0\0\0\0@\0\0\0\0P\n4\0\0\0\0\0@\0\0\0\0P\n4\0\0\0\0\0@\0\0\0\0P\n4\0\0\0\0\0@\0\0\0\0P\n4\0\0\0\0\0@\0\0\0\0P\n4\0\0\0\0\0@\0\0\0\0P\n4\0\0\0\0\0@\0\0\0\0P\n4\0\0\0\0\0@\0\0\0\0P\n4\0\0\0\0\0@\0\0\0\0P\n4\0\0\0\0\0@\0\0\0\0P\n4\0\0\0\0\0@\0\0\0\0P\n4\0\0\0\0\0@\0\0\0\0P\n4\0\0\0\0\0@\0\0\0\0P\n4\0\0\0\0\0@\0\0\0\0P\n4\0\0\0\0\0@\0\0\0\0P\n4\0\0\0\0\0@\0\0\0\0P\n4\0\0\0\0\0@\0\0\0\0P\n4S.\0\0\0`#SaM\"til\0\0\0\082$h:Ltԩ\0\0\0\0Xc4t.M\r]L\0Mݳ[6(.\0\0\0`UE6Wn]\nt.Mie\0\0\0\0\0+\0\0\0\0\0B\0\r\0\0\0\0@)\0\0\0\0\0B\0\r\0\0\0\0@)\0\0\0\0\0B\0\r\0\0\0\0@)\0\0\0\0\0B\0\r\0\0\0\0@)\0\0\0\0\0B\0\r\0\0\0\0@)\0\0\0\0\0B\0\r\0\0\0\0@)\0\0\0\0\0B\0\r\0\0\0\0@)\0\0\0\0\0B\0\r\0\0\0\0@)\0\0\0\0\0B\0\r\0\0\0\0@)\0\0\0\0\0B\0\r\0\0\0\0@)\0\0\0\0\0B\0\r\0\0\0\0@)\0\0\0\0\0B\0\r\0\0\0\0@)\0\0\0\0\0B\0\r\0\0\0\0@555-\\%@\0\0\0\0n_깍7^N\0\0\0\0\0nuՑ#S\Z>o֋ST*J\0\0\0\0\ZfCS4vy}Sp\0\0\0\0\0P\n4\0\0\0\0\0\\\"j6\0\0\0\0IENDB`','resident_step02.png');
/*!40000 ALTER TABLE `result_blob` ENABLE KEYS */;
UNLOCK TABLES;

--
-- Table structure for table `user`
--

DROP TABLE IF EXISTS `user`;
/*!40101 SET @saved_cs_client     = @@character_set_client */;
/*!40101 SET character_set_client = utf8 */;
CREATE TABLE `user` (
  `user` int(11) NOT NULL,
  `name` varchar(100) NOT NULL,
  `password` varchar(1000) NOT NULL,
  `expirydate` date NOT NULL,
  PRIMARY KEY (`user`)
) ENGINE=InnoDB DEFAULT CHARSET=utf8mb4;
/*!40101 SET character_set_client = @saved_cs_client */;

--
-- Dumping data for table `user`
--

LOCK TABLES `user` WRITE;
/*!40000 ALTER TABLE `user` DISABLE KEYS */;
INSERT INTO `user` VALUES (1,'Shailesh','$2y$10$rK6tUXxwZc0a07pu8YiQx.lXJLCevgepyiVt4kS391BwcPOqvmiNu','2020-06-18');
/*!40000 ALTER TABLE `user` ENABLE KEYS */;
UNLOCK TABLES;
/*!40103 SET TIME_ZONE=@OLD_TIME_ZONE */;

/*!40101 SET SQL_MODE=@OLD_SQL_MODE */;
/*!40014 SET FOREIGN_KEY_CHECKS=@OLD_FOREIGN_KEY_CHECKS */;
/*!40014 SET UNIQUE_CHECKS=@OLD_UNIQUE_CHECKS */;
/*!40101 SET CHARACTER_SET_CLIENT=@OLD_CHARACTER_SET_CLIENT */;
/*!40101 SET CHARACTER_SET_RESULTS=@OLD_CHARACTER_SET_RESULTS */;
/*!40101 SET COLLATION_CONNECTION=@OLD_COLLATION_CONNECTION */;
/*!40111 SET SQL_NOTES=@OLD_SQL_NOTES */;

-- Dump completed on 2019-12-25 20:45:34
